Source,RAICRS,DEICRS,Plx,e_Plx,Class,_RA.icrs,_DE.icrs,recno
3209778215925451136,82.3473526961993,-4.51566462771226,2.664989303222,0.053100943023,II,82.3473526961993,-4.51566462771226,1
3209904904577372544,82.6209424118783,-3.94523215626807,2.86335042929,0.154930702133,II,82.6209424118783,-3.94523215626807,2
3209871163314525440,82.6275109550066,-4.41394709681101,2.726773633384,0.047671073272,II,82.6275109550066,-4.41394709681101,3
3209455719717625216,82.6600279286735,-5.42879967892382,2.365246882005,0.038848057236,II,82.6600279286735,-5.42879967892382,4
3016848735963141760,82.9557170937832,-6.0053715887689,2.684915272626,0.024544422499,II,82.9557170937832,-6.0053715887689,5
3209412838764274688,82.9654867257174,-5.38563705690853,2.444524144629,0.139243111216,II,82.9654867257174,-5.38563705690853,6
3209513134840363648,83.0258923217228,-4.93608446380277,2.378622447377,0.065512785896,II,83.0258923217228,-4.93608446380277,7
3209393013195252608,83.0475360973728,-5.62889341028674,2.237980993015,0.124767179213,II,83.0475360973728,-5.62889341028674,8
3016826814450125184,83.0618040760791,-6.34850827709687,2.673031689178,0.040107641289,II,83.0618040760791,-6.34850827709687,9
3209486368604342016,83.0781395228482,-5.22744212953489,2.467559724317,0.070915050282,II,83.0781395228482,-5.22744212953489,10
3209394456304258944,83.0827811451625,-5.61502194215101,2.487456999705,0.064045966172,II,83.0827811451625,-5.61502194215101,11
3209497088842680704,83.1000290613248,-5.08984165601067,2.523210032265,0.034839929202,II,83.1000290613248,-5.08984165601067,12
3209853777286834176,83.1029904287976,-4.28024629524642,2.614965344875,0.141849729954,II,83.1029904287976,-4.28024629524642,13
3209935003708198016,83.1069571158281,-3.72047085524723,2.46919702679,0.027126814706,II,83.1069571158281,-3.72047085524723,14
3209614667869027072,83.1525689787967,-4.69346115361799,2.72183355621,0.079848243984,II,83.1525689787967,-4.69346115361799,15
3209492072320894080,83.1561884501366,-5.21142155373777,2.609249611738,0.033523671467,II,83.1561884501366,-5.21142155373777,16
3209433763843459968,83.1856112494868,-5.40419540285318,2.580206437142,0.167724211283,II,83.1856112494868,-5.40419540285318,17
3017221951441648384,83.19472403843,-5.96722260547636,2.820380721231,0.106007541683,II,83.19472403843,-5.96722260547636,18
3209390230056434816,83.1971258932262,-5.66186485745986,2.631663692658,0.046903706149,II,83.1971258932262,-5.66186485745986,19
3016768437254937984,83.1996748526557,-6.49216424432723,2.839682505946,0.131949340473,II,83.1996748526558,-6.49216424432723,20
3017205317032619008,83.2080400105037,-6.17935185336176,2.475287791625,0.092522097737,II,83.2080400105037,-6.17935185336176,21
3209593605349738752,83.2342273589698,-4.95208342107348,2.318411428463,0.096644730006,II,83.2342273589698,-4.95208342107348,22
3209445343076698752,83.2371100812666,-5.21324460070372,2.362762081753,0.047201091115,II,83.2371100812666,-5.21324460070372,23
3209621745975125632,83.2378471885099,-4.56649430488321,2.102089802757,0.056796683081,II,83.2378471885099,-4.56649430488321,24
3209432904851447552,83.2468815841334,-5.4072395455946,2.858555387679,0.090940370761,II,83.2468815841334,-5.4072395455946,25
3209420947662499712,83.2593151878081,-5.4403371005082,2.533465737959,0.0344702428,II,83.2593151878081,-5.4403371005082,26
3209590371237938176,83.2650022754362,-4.98218800893843,2.650307262509,0.12563345528,II,83.2650022754362,-4.98218800893843,27
3209590409893997952,83.2759713694363,-4.97665690965851,2.530126814922,0.120181630415,II,83.2759713694363,-4.97665690965851,28
3209811652247750272,83.2962321774107,-4.48201588102536,2.333533564386,0.124511819396,II,83.2962321774107,-4.48201588102536,29
3209595387759773440,83.3219850266286,-4.92826537753152,2.393981578607,0.135311635921,II,83.3219850266286,-4.92826537753152,30
3209836837935961344,83.3255796910746,-4.37867101036553,2.564570980992,0.065493530849,II,83.3255796910746,-4.37867101036553,31
3016743251566768000,83.3266213398183,-6.87116580698419,2.771076197985,0.073100228804,II,83.3266213398183,-6.87116580698419,32
3017207692150223232,83.3325345963769,-6.07313461599183,2.389225838994,0.065890071753,II,83.3325345963769,-6.07313461599183,33
3016776683592103552,83.3374538802507,-6.37592461558773,2.442916010524,0.060717799234,II,83.3374538802507,-6.37592461558773,34
3209427441653024896,83.3437269077285,-5.38418260994325,2.681562510368,0.080347110608,II,83.3437269077285,-5.38418260994325,35
3209440223475675648,83.3688299553739,-5.29061767118827,2.630299075976,0.034105117948,II,83.368829955374,-5.29061767118827,36
3209542409339494656,83.377892810421,-5.03742606480914,2.614340990979,0.037033446119,II,83.377892810421,-5.03742606480914,37
3209442766096304896,83.3781676396855,-5.23110402881854,2.712291948476,0.104134915766,II,83.3781676396855,-5.23110402881854,38
3215980462235426944,83.379392688739,-3.28927447307805,2.676305663975,0.048692344779,II,83.379392688739,-3.28927447307805,39
3209416996292577536,83.3800268378468,-5.49932479795634,2.441670275386,0.094010536204,II,83.3800268378468,-5.49932479795634,40
3017203191024502656,83.3812186842893,-6.16504352268387,2.040965770148,0.109345751821,II,83.3812186842893,-6.16504352268387,41
3017152647849614592,83.3876001302352,-6.31045403820475,2.310963703307,0.039615688743, F,83.3876001302352,-6.31045403820475,42
3209443384571589888,83.3876819955995,-5.19874150328856,2.60580425825,0.068529518407,II,83.3876819955995,-5.19874150328856,43
3017154297116985088,83.3933243367992,-6.23125543581346,2.544321910374,0.055018367865,II,83.3933243367992,-6.23125543581346,44
3209442697376827136,83.3934849248466,-5.23821020852652,2.529135376827,0.078640327193,II,83.3934849248466,-5.23821020852652,45
3209849928996342144,83.406003716222,-4.17107961570592,2.571384577648,0.075399353992,II,83.406003716222,-4.17107961570592,46
3209443109693683072,83.4106923028965,-5.22010704384718,2.675077147222,0.078152253026,II,83.4106923028965,-5.22010704384718,47
3209426509643351936,83.4236657425185,-5.40115642461824,2.640661647008,0.044498951731,II,83.4236657425185,-5.40115642461824,48
3017153953519602560,83.4247868328615,-6.26356655144163,2.602906457778,0.110723745047,II,83.4247868328615,-6.26356655144163,49
3209602813759497344,83.4299774097198,-4.78728261449277,2.695277574867,0.073374164014,II,83.4299774097198,-4.78728261449277,50
3017154159678027008,83.4382039034824,-6.23330749688987,2.625493093072,0.104479959679,II,83.4382039034824,-6.23330749688987,51
3209416098642552576,83.438597424664,-5.51382313966659,3.025022223869,0.04117215654,II,83.438597424664,-5.51382313966659,52
3017261430780991616,83.439421368921,-5.60900208366877,2.527547466608,0.095504481061,II,83.439421368921,-5.60900208366877,53
3209544024247187584,83.4399128626513,-5.01278742718149,2.45724342176,0.130111993145,II,83.4399128626513,-5.01278742718149,54
3017214869037692800,83.4436669075015,-5.95350571704135,2.640683244281,0.038182627487,II,83.4436669075015,-5.95350571704135,55
3209442422498912000,83.4509370079325,-5.22392454017578,2.63386219865,0.085170399112,II,83.4509370079325,-5.22392454017578,56
3209543921167969664,83.4614295802071,-5.01094664427518,2.711873315352,0.08515248605,II,83.4614295802071,-5.01094664427518,57
3209602573241323520,83.4639667046157,-4.80614804507881,2.542144192606,0.045782479264,II,83.4639667046157,-4.80614804507881,58
3017258407124018048,83.4681994506208,-5.69729322570816,2.572803734113,0.022287539189,II,83.4681994506208,-5.69729322570816,59
3017149143156236928,83.4774903910141,-6.35521007939894,2.581141646866,0.140972384967,II,83.4774903910141,-6.35521007939894,60
3209618069483291008,83.4789483067226,-4.63891228774957,2.574210137313,0.111215393314,II,83.4789483067226,-4.63891228774957,61
3209641876483853440,83.4849790078021,-4.5916321487354,2.782079616614,0.118747886193,II,83.4849790078021,-4.5916321487354,62
3017148765199112832,83.4977464230909,-6.35508556281178,2.688214576417,0.103918611332,II,83.4977464230909,-6.35508556281178,63
3017261671299155456,83.5014359095498,-5.59540853565148,2.617346734753,0.024518483338,II,83.5014359095498,-5.59540853565148,64
3017211128124211328,83.5045431995871,-6.04074935384386,2.61668288969,0.028727347992,II,83.5045431995871,-6.04074935384386,65
3209604394307433600,83.5084686070906,-4.74822058183535,2.394990783827,0.080828557078,II,83.5084686070906,-4.74822058183535,66
3017260915384911616,83.5090790406938,-5.6054350961228,2.585448256466,0.031607850758,II,83.5090790406938,-5.6054350961228,67
3017209891173634304,83.5104031495023,-6.07525328772033,2.6889336555,0.147514751008,II,83.5104031495023,-6.07525328772033,68
3017260846665436032,83.5125221825034,-5.61592476535112,2.473821427668,0.028738719707,II,83.5125221825034,-5.61592476535112,69
3209641708983267328,83.5160207297899,-4.60169705800813,2.446047686126,0.058726164831,II,83.5160207297899,-4.60169705800813,70
3209598518792192000,83.5196489079866,-4.84713121232076,2.586065851368,0.111076200241,II,83.5196489079866,-4.84713121232076,71
3017148009284871296,83.5206066520622,-6.39637996779795,2.441621330967,0.082977461212,II,83.5206066520622,-6.39637996779795,72
3209606009215121024,83.5209384236402,-4.66759930773402,2.480377197483,0.087170369145,II,83.5209384236402,-4.66759930773402,73
3017209577638157440,83.5249566615244,-6.10325630147499,2.718440618568,0.111621031951,II,83.5249566615244,-6.10325630147499,74
3016759469363177600,83.5259868115953,-6.51251378106103,2.500259115541,0.058609398367,II,83.5259868115953,-6.51251378106103,75
3016758816528150656,83.5289942608454,-6.5355327326174,2.629803258187,0.082119905758,II,83.5289942608454,-6.5355327326174,76
3209524233037903360,83.5304917072265,-5.22927320139588,2.434581283808,0.03055711211,II,83.5304917072265,-5.22927320139588,77
3017216591322433152,83.5324390629708,-5.92974688074273,2.556895366314,0.027153934642,II,83.5324390629708,-5.92974688074273,78
3017155327909118336,83.533056090783,-6.20943324965814,2.561788923245,0.132541819825,II,83.533056090783,-6.20943324965814,79
3017260881025171200,83.5332123150529,-5.60475855897329,2.616158379877,0.095842496022,II,83.5332123150529,-5.60475855897329,80
3016553517090176128,83.5347724300589,-6.86571770118408,2.78953266132,0.146208500671,II,83.5347724300589,-6.86571770118408,81
3209598548853143680,83.5436586993775,-4.8430893378733,2.572106897345,0.031042113424,II,83.5436586993775,-4.8430893378733,82
3209598553151919872,83.5436291658421,-4.84095197459651,2.562505053713,0.081258621354,II,83.5436291658421,-4.84095197459651,83
3209644109870854272,83.5464596635491,-4.51493286367597,2.581174306031,0.166408722214,II,83.5464596635491,-4.51493286367597,84
3209598346993491840,83.5474701374037,-4.85636137718464,2.551724123099,0.03440697709,II,83.5474701374037,-4.85636137718464,85
3209598587511657216,83.5526332596982,-4.84019333226238,2.465279214125,0.030187620436,II,83.5526332596982,-4.84019333226238,86
3209422253332724224,83.5537194152532,-5.48005571419026,2.576479585245,0.026423483766,II,83.5537194152532,-5.48005571419026,87
3017266962698857216,83.5550004789453,-5.56486261807019,2.632968327547,0.030293168241,II,83.5550004789453,-5.56486261807019,88
3017260812305691264,83.5563088261644,-5.59407774824101,2.469275060212,0.101166106787,II,83.5563088261644,-5.59407774824101,89
3209537014860562432,83.5576830904312,-5.13312672807489,2.641156312826,0.105149656987,II,83.5576830904312,-5.13312672807489,90
3017260709226477952,83.5590108488627,-5.61505342522235,2.591818950571,0.039022989781,II,83.5590108488627,-5.61505342522235,91
3017256001942328960,83.5591867933005,-5.70583950760716,2.533042077721,0.041859679915,II,83.5591867933005,-5.70583950760716,92
3017217037999027456,83.5613346273833,-5.88542530667254,2.569220847071,0.079908310559,II,83.5613346273833,-5.88542530667254,93
3209539488761717120,83.5635864665363,-5.08101360934094,2.483526850614,0.129872670165,II,83.5635864665363,-5.08101360934094,94
3209600064980402432,83.5681283255549,-4.82418864155921,2.542224305728,0.134013510816,II,83.5681283255549,-4.82418864155921,95
3017260709226477056,83.5685873724966,-5.61268038634055,2.549298197242,0.038612152274,II,83.5685873724966,-5.61268038634055,96
3215869922660573568,83.5691428902516,-3.9562428211636,2.555756685716,0.031920352549,II,83.5691428902516,-3.9562428211636,97
3209656518030329984,83.5741347248366,-4.30288128876547,2.447396460562,0.160860123151,II,83.5741347248366,-4.30288128876547,98
3215934695063940352,83.574540468215,-3.55987925734948,2.880572110995,0.09197483124,II,83.574540468215,-3.55987925734948,99
3017268371448124544,83.581458974626,-5.50550849490047,2.498000193724,0.024338749022,II,83.5814589746261,-5.50550849490047,100
3209630438989062528,83.5861993306093,-4.58388334737745,2.449741677477,0.066134619047,II,83.5861993306093,-4.58388334737745,101
3017268268368909824,83.5864545944695,-5.5135227395014,2.481426234018,0.027988834529,II,83.5864545944695,-5.5135227395014,102
3209628411764704384,83.5957934536411,-4.69425509264833,2.447701259514,0.03025891971,II,83.5957934536411,-4.69425509264833,103
3017150105228893312,83.5965176673729,-6.32806429514405,2.73040881778,0.109204152675,II,83.596517667373,-6.32806429514405,104
3209549831042934528,83.6072380914923,-4.94871729013588,2.558367103453,0.027193731013,II,83.6072380914923,-4.94871729013588,105
3209550037201361024,83.6078568197063,-4.94095653828664,2.533389370603,0.031094501619,II,83.6078568197063,-4.94095653828664,106
3017270291298102528,83.6090287095649,-5.44177533047454,2.603727978394,0.038968126592,II,83.6090287095649,-5.44177533047454,107
3017256242460494080,83.6114848473604,-5.69927153381205,2.458834063376,0.071779177826,II,83.6114848473604,-5.69927153381205,108
3017269986356094080,83.6116583157633,-5.47559400438763,2.492047770429,0.042995373887,II,83.6116583157633,-5.47559400438763,109
3017135502340100224,83.6117953941022,-6.44050793462395,2.627985439075,0.112447966147,II,83.6117953941022,-6.44050793462395,110
3209546218978729216,83.6143083983995,-5.00731234714888,2.653222496428,0.176693202187,II,83.6143083983995,-5.00731234714888,111
3209549831042932224,83.6152240404561,-4.95142021214705,2.393604779048,0.066498257152,II,83.6152240404561,-4.95142021214705,112
3017270398672679552,83.6163738345144,-5.44295163049985,2.563133225138,0.042303080612, F,83.6163738345144,-5.44295163049985,113
3209538831630672128,83.6169938458856,-5.08938329747235,2.662909671552,0.175545363388,II,83.6169938458856,-5.08938329747235,114
3209424035744296192,83.6188648394828,-5.41607982221469,2.498718584954,0.02328289219,II,83.6188648394828,-5.41607982221469,115
3016460986314908160,83.6200990699526,-7.25435628615817,2.555177149759,0.081741266771,II,83.6200990699526,-7.25435628615817,116
3016566642510304896,83.6211398346287,-6.64772080295414,2.675192314065,0.037899246739,II,83.6211398346287,-6.64772080295414,117
3209523442763914496,83.6219603770444,-5.24435679158515,3.279747781808,0.088649205101,II,83.6219603770444,-5.24435679158515,118
3209539282603274752,83.6234468127407,-5.05203708500823,2.632395474559,0.11991778954,II,83.6234468127407,-5.05203708500823,119
3017242051888552832,83.6233592826063,-5.79019214846697,2.610801635164,0.045213361935,II,83.6233592826063,-5.79019214846697,120
3209553026498569344,83.6252650216835,-4.8307289154621,2.466398375597,0.026282844873,II,83.6252650216835,-4.8307289154621,121
3209546429428840704,83.6259921289888,-4.97718117708785,2.824643513476,0.141192477669,II,83.6259921289888,-4.97718117708785,122
3209523889440506240,83.6260739747498,-5.19672079810106,2.588042766191,0.064722931951,II,83.6260739747498,-5.19672079810106,123
3209629442556644096,83.6276807732585,-4.59797856639918,2.527897252327,0.051886742995,II,83.6276807732585,-4.59797856639918,124
3017212605592939392,83.6290458870415,-5.96766805787803,2.185184656032,0.121379696028,II,83.6290458870415,-5.96766805787803,125
3215872396561733504,83.63212371319,-3.86422919500427,2.485795932484,0.035566870279,II,83.63212371319,-3.86422919500427,126
3017256208100753280,83.6342964958354,-5.69681396446305,2.774350012796,0.100327836137,II,83.6342964958354,-5.69681396446305,127
3017244422710493952,83.6396100982835,-5.71477350332758,2.520985947611,0.047630731931,II,83.6396100982835,-5.71477350332758,128
3017158214127128320,83.6400387899838,-6.18871740857161,2.544132572864,0.101916002749,II,83.6400387899838,-6.18871740857161,129
3017256379899442176,83.640503603008,-5.67301555237138,2.458977044662,0.097691490452,II,83.640503603008,-5.67301555237138,130
3017263767243185152,83.6414926067077,-5.58092543865154,2.359168767492,0.047362075781,II,83.6414926067077,-5.58092543865154,131
3017269947698014336,83.6414477097098,-5.47346928000671,2.473691400105,0.036768051626,II,83.6414477097098,-5.47346928000671,132
3209553438815425024,83.6423830417402,-4.80775071103839,2.476231004216,0.046562409393,II,83.6423830417402,-4.80775071103839,133
3209538904646238848,83.6423847485078,-5.08804652991117,2.70800565124,0.091237418737,II,83.6423847485078,-5.08804652991117,134
3209545085102536192,83.6436199563955,-5.05192431051066,2.463526917586,0.05291677448,II,83.6436199563955,-5.05192431051066,135
3017161753180173184,83.6445335685854,-6.14105304759884,2.423184432436,0.07995442656,II,83.6445335685854,-6.14105304759884,136
3209553438815424768,83.6463341922762,-4.80997280205283,2.416279310183,0.093482809702,II,83.6463341922762,-4.80997280205283,137
3016563515774031360,83.6463602979733,-6.74814148391357,2.698802002382,0.109565417917,II,83.6463602979733,-6.74814148391357,138
3017256414259179648,83.6490043800924,-5.66931117099283,2.439269037442,0.07235914332,II,83.6490043800924,-5.66931117099283,139
3209552648541450624,83.6499273366402,-4.87166924176195,2.639743073528,0.09198563336,II,83.6499273366402,-4.87166924176195,140
3017163539886560768,83.6506105895105,-6.09297679871198,2.651086530491,0.028437415014,II,83.6506105895105,-6.09297679871198,141
3017150861143125120,83.6512940820683,-6.27343317290226,2.36655755096,0.11302415445,II,83.6512940820683,-6.27343317290226,142
3017263492365279616,83.6522680991565,-5.60476189729724,2.07277746284,0.158927827761,II,83.6522680991566,-5.60476189729724,143
3017256306882916352,83.6564449693414,-5.68820851504755,2.166677078778,0.077848201501,II,83.6564449693414,-5.68820851504755,144
3017244388350754944,83.6565434560221,-5.71965338225216,2.55841807212,0.053994240511,II,83.6565434560221,-5.71965338225216,145
3209553365797526016,83.6571710653685,-4.81601887472006,2.359804291557,0.078772870958,II,83.6571710653685,-4.81601887472006,146
3209625937863339264,83.6616576333372,-4.66028139341558,2.732915290176,0.136629723142,II,83.6616576333372,-4.66028139341558,147
3215856732817863168,83.6630341324659,-4.03595525917412,2.512329451125,0.050035390507,II,83.6630341324659,-4.03595525917412,148
3209545295557478784,83.6640825824226,-5.02963380219336,2.650843662345,0.170019662146,II,83.6640825824226,-5.02963380219336,149
3017136876729625984,83.6661883797218,-6.42058020122536,2.312722445814,0.119824796351, F,83.6661883797218,-6.42058020122536,150
3209525538707938944,83.6666580816,-5.16863856293124,2.491354408332,0.040479138335,II,83.6666580816,-5.16863856293124,151
3209546876105415168,83.6686556824199,-4.96097724563225,2.766018866039,0.069351250739,II,83.6686556824199,-4.96097724563225,152
3209518421946387840,83.6702783570915,-5.37841015185936,3.285880786119,0.101750217318,II,83.6702783570915,-5.37841015185936,153
3017242945241746816,83.6715802300261,-5.76992839229826,2.538346470519,0.054380493065,II,83.6715802300261,-5.76992839229826,154
3209626040942550272,83.672632604496,-4.65384358162556,2.465983173995,0.07618092178,II,83.672632604496,-4.65384358162556,155
3209551514670084992,83.6741193794074,-4.89617050177816,2.430720458665,0.046734931521,II,83.6741193794074,-4.89617050177816,156
3209551613451841664,83.6745237236667,-4.89396135823744,2.443459669862,0.061374786871,II,83.6745237236667,-4.89396135823744,157
3017244079113110784,83.6749631885142,-5.75018737672371,2.455176385749,0.134237721902,II,83.6749631885142,-5.75018737672371,158
3017244182192323712,83.6768516272129,-5.72377949880165,2.330845716914,0.100803971389,II,83.6768516272129,-5.72377949880165,159
3209552304944061312,83.6813439845017,-4.86009581658432,2.645175581399,0.066429370789,II,83.6813439845017,-4.86009581658432,160
3209625834784119168,83.6832511875115,-4.66068953678351,2.598608519649,0.118719234882,II,83.6832511875115,-4.66068953678351,161
3209546910465148928,83.6865468818504,-4.94467677478367,2.504455028457,0.091251293015,II,83.6865468818504,-4.94467677478367,162
3209526874441202304,83.6874278545048,-5.11376514888386,2.681491730175,0.035702473888,II,83.6874278545048,-5.11376514888386,163
3209526913097461504,83.6877898814748,-5.10562862287199,2.41917261185,0.160928182022,II,83.6877898814748,-5.10562862287199,164
3209525263830030336,83.688330865098,-5.17988799521823,2.54308674087,0.046432562867,II,83.688330865098,-5.17988799521823,165
3017250401305099136,83.6911553867899,-5.68605216131255,2.414027523081,0.099709605429,II,83.6911553867899,-5.68605216131255,166
3017264007761349504,83.6957713015858,-5.5707252084411,2.102925871407,0.071959622609,II,83.6957713015858,-5.5707252084411,167
3017188931733323776,83.698057435351,-5.9658199617712,2.522120583315,0.030185558633,II,83.698057435351,-5.9658199617712,168
3017138663436006400,83.6986011758711,-6.32781217422297,2.527254334536,0.046913325715,II,83.6986011758711,-6.32781217422297,169
3017265996328342272,83.6995714623156,-5.5129332894642,2.520652555105,0.045145917636,II,83.6995714623156,-5.5129332894642,170
3017137495204907392,83.7013716874682,-6.37853140570778,2.43121017513,0.143770044891,II,83.7013716874682,-6.37853140570778,171
3017131134355299200,83.7014320868272,-6.50748852070071,2.631843801945,0.0435529332,II,83.7014320868272,-6.50748852070071,172
3209576769077761792,83.7026355465909,-4.79721857796095,2.54025245354,0.068021851191,II,83.7026355465909,-4.79721857796095,173
3209533029130884864,83.7065795502718,-5.08320249834668,2.457378266126,0.081403781973,II,83.7065795502718,-5.08320249834668,174
3017132100725994240,83.7082154653549,-6.47002333061039,2.52166755452,0.037862296084,II,83.7082154653549,-6.47002333061039,175
3209519074780594432,83.7082594817123,-5.31239947615773,2.47921865218,0.037367733225,II,83.7082594817123,-5.31239947615773,176
3017250607463391360,83.7119436151307,-5.65813431383795,2.628440545032,0.089589307295,II,83.7119436151307,-5.65813431383795,177
3209625044510130304,83.7175450790833,-4.66993781487566,2.282300631296,0.025421499706,II,83.7175450790833,-4.66993781487566,178
3209533166569829504,83.7210302552012,-5.05754443717161,2.625000678427,0.026034975236,II,83.7210302552012,-5.05754443717161,179
3209627690209973248,83.7211658410163,-4.61765808939905,2.663557343393,0.144525146217,II,83.7211658410163,-4.61765808939905,180
3209548113055989120,83.7226638963576,-4.95912142915889,2.824972919574,0.108287501854,II,83.7226638963576,-4.95912142915889,181
3209548216135201408,83.7244708176284,-4.93951566720686,2.45904410059,0.067836621815,II,83.7244708176284,-4.93951566720686,182
3017157664371302144,83.7248709907629,-6.18109497687466,2.634296117044,0.066090166302,II,83.7248709907629,-6.18109497687466,183
3017134471547930624,83.7252277043207,-6.39741442791591,2.58158299922,0.027625208453,II,83.7252277043207,-6.39741442791591,184
3209575978803775488,83.7297485296019,-4.80771213355938,2.534757387668,0.020214695133,II,83.7297485296019,-4.80771213355938,185
3017236416891613440,83.7316518562275,-5.9248448450433,2.383744439153,0.128164725876,II,83.7316518562275,-5.9248448450433,186
3209548246196343040,83.7319253806443,-4.93653645289045,2.818878536771,0.141566412374,II,83.7319253806443,-4.93653645289045,187
3209522618130302720,83.736756482106,-5.19250369681901,2.662493020334,0.043966455325,II,83.736756482106,-5.19250369681901,188
3016535680090105344,83.738176204129,-7.02982138581057,2.497378734859,0.059870545869,II,83.738176204129,-7.02982138581057,189
3017143748677281536,83.7393746817962,-6.32586845475973,2.607940357116,0.072516808501,II,83.7393746817962,-6.32586845475973,190
3215880578476200064,83.7419421585382,-3.75584954356906,2.826273229507,0.164487501986,II,83.7419421585382,-3.75584954356906,191
3017249507951764480,83.7427453264401,-5.69722006909654,2.421426451821,0.093363224548,II,83.7427453264401,-5.69722006909654,192
3017236554330564224,83.7430784126127,-5.9080347780579,2.474422564896,0.034346845527,II,83.7430784126127,-5.9080347780579,193
3017187931005152384,83.7438917956151,-6.0000341348763,2.612335944509,0.093239813835,II,83.7438917956151,-6.0000341348763,194
3016562450622220288,83.7460142278693,-6.70489273198031,2.572633877576,0.07049265062,II,83.7460142278693,-6.70489273198031,195
3017249095634906496,83.7458849828295,-5.74153371961442,2.394005459816,0.055391231947,II,83.7458849828295,-5.74153371961442,196
3017187557343662336,83.7521910583701,-6.0232133709069,2.660519034942,0.052972040752,II,83.7521910583701,-6.0232133709069,197
3209532135777678336,83.7528056636867,-5.08577696718234,2.41648536553,0.046932259891,II,83.7528056636867,-5.08577696718234,198
3017251088499723776,83.7534364218895,-5.63556591814976,2.533781111775,0.047275794409,II,83.7534364218895,-5.63556591814976,199
3017161031625647488,83.7557330938561,-6.06547036365915,2.612992761137,0.103835808225,II,83.7557330938561,-6.06547036365915,200
3209637173497743616,83.7569963648328,-4.54804748497435,2.556932035699,0.04577690192,II,83.7569963648328,-4.54804748497435,201
3017264832395060736,83.7604143335178,-5.5527725671272,2.501084724148,0.051062342199,II,83.7604143335178,-5.5527725671272,202
3017266168126793984,83.7624968812888,-5.50041855513895,2.521707307704,0.113372151531,II,83.7624968812888,-5.50041855513895,203
3209528665444202240,83.7630285727401,-5.15474315804443,2.568742497399,0.071962718952,II,83.7630285727401,-5.15474315804443,204
3209547460220952832,83.7639359597837,-4.94527785965095,2.583836351736,0.04119480475,II,83.7639359597837,-4.94527785965095,205
3209575600846656128,83.7654702063128,-4.84807435488597,2.530300984349,0.044669480216,II,83.7654702063128,-4.84807435488597,206
3017266481662489984,83.7663410762052,-5.4842743196396,2.41457577602,0.047166109404,II,83.7663410762052,-5.4842743196396,207
3017266275504060800,83.7688611938008,-5.49397547660566,2.453164793064,0.036341655633,II,83.7688611938008,-5.49397547660566,208
3209522716912905728,83.7692903754803,-5.16551878997182,2.991087888605,0.081201140417,II,83.7692903754803,-5.16551878997182,209
3017363582294583936,83.7734911431965,-5.42208959347413,2.551422987983,0.046095798707,II,83.7734911431965,-5.42208959347413,210
3209575807005070848,83.7744175647861,-4.81203541783386,2.639991809354,0.031989606111,II,83.7744175647861,-4.81203541783386,211
3209627965087866880,83.7830082563483,-4.59700315567353,2.680402557954,0.074322255816,II,83.7830082563483,-4.59700315567353,212
3017160756747739392,83.7862679885113,-6.08402661298809,2.600666086685,0.020147830775,II,83.7862679885113,-6.08402661298809,213
3209532479375154688,83.7864330882427,-5.0779824075868,2.702301410881,0.094845761994,II,83.7864330882427,-5.0779824075868,214
3209638199991213184,83.7875554657068,-4.46419061899646,2.495449534008,0.042169078783,II,83.7875554657068,-4.46419061899646,215
3017188485056587776,83.7915673954295,-5.95331643039329,2.659121817256,0.096978747782,II,83.7915673954295,-5.95331643039329,216
3209638204289855360,83.7920134453444,-4.46097769162951,2.729060224743,0.058228103757,II,83.7920134453444,-4.46097769162951,217
3017245792802220544,83.7930730197645,-5.77600057221483,2.386193967766,0.047758642736,II,83.7930730197644,-5.77600057221483,218
3017360554330360320,83.7937948385521,-5.43843139782255,2.574729947597,0.051131790989,II,83.7937948385521,-5.43843139782255,219
3017265279071650688,83.7995275340939,-5.53205049216791,2.491137289477,0.048151285904,II,83.7995275340939,-5.53205049216791,220
3017246243776749312,83.8015443634953,-5.72181764772922,2.602424758105,0.022989268933,II,83.8015443634953,-5.72181764772922,221
3017190752799316480,83.8034707274275,-5.92400288125126,2.682620790862,0.079102023679,II,83.8034707274275,-5.92400288125126,222
3017250087773385344,83.8041943460109,-5.65969711346607,2.533565022331,0.043657988301,II,83.8041943460109,-5.65969711346607,223
3209579311698352128,83.8049976848133,-4.69848251334902,2.496306466222,0.075929078935,II,83.8049976848133,-4.69848251334902,224
3209572405390979840,83.8056091602147,-4.86248315170345,2.220589791621,0.044098007614,II,83.8056091602147,-4.86248315170345,225
3017265377852811776,83.8066909786929,-5.51601696191844,2.585625415609,0.052694737473,II,83.806690978693,-5.51601696191844,226
3209579002460710144,83.8071145078934,-4.71632888454076,2.495266858937,0.030918917963,II,83.8071145078934,-4.71632888454076,227
3017250092067308928,83.8073732802737,-5.65281246206596,2.846402188072,0.142922353292,II,83.8073732802738,-5.65281246206596,228
3017191646152505088,83.8085044216116,-5.86917883602707,2.573595044445,0.02268208247,II,83.8085044216116,-5.86917883602707,229
3209634287279701376,83.8092852320121,-4.54802798864139,2.616632356177,0.127229327698,II,83.8092852320121,-4.54802798864139,230
3017190958957744000,83.8101785837412,-5.90740635356367,2.596638808619,0.074781374935,II,83.8101785837412,-5.90740635356367,231
3017144538951245440,83.8106840318374,-6.2535657820245,2.752399272565,0.084820061129,II,83.8106840318374,-6.2535657820245,232
3209534163002212096,83.811011057744,-5.04029240980947,2.74661664606,0.07333898438,II,83.811011057744,-5.04029240980947,233
3017250092067308544,83.8111771547097,-5.65305172065593,2.506489277822,0.037090214747,II,83.8111771547097,-5.65305172065593,234
3209634081121273472,83.8141504904943,-4.55728614995381,2.567486074187,0.02754234013,II,83.8141504904943,-4.55728614995381,235
3209534948978451200,83.814440149339,-5.02016096439118,2.510215469241,0.178517719614,II,83.814440149339,-5.02016096439118,236
3209641365385763072,83.8158865402715,-4.37183370236753,2.591041501286,0.060999251463,II,83.8158865402715,-4.37183370236753,237
3017265004193745280,83.8158400430826,-5.55343948080345,2.488269007249,0.035852220364,II,83.8158400430826,-5.55343948080345,238
3209521209381041024,83.8164867491081,-5.24970446898765,2.552727518589,0.022434614682,II,83.8164867491081,-5.24970446898765,239
3017249782829665408,83.8164792303732,-5.68654658374521,2.608443065304,0.083437555528,II,83.8164792303732,-5.68654658374521,240
3209637860692473728,83.8170669132914,-4.49176287940049,2.163640186355,0.144250813695,II,83.8170669132914,-4.49176287940049,241
3017249611031103872,83.8215131084537,-5.69832593654833,2.444482583307,0.082449759184,II,83.8215131084537,-5.69832593654833,242
3017364063330465152,83.8219139023365,-5.38793462768028,2.116643701114,0.072350326391,II,83.8219139023365,-5.38793462768028,243
3017246656093604736,83.8223227645085,-5.7040806301699,2.461673653843,0.060703583976,II,83.8223227645085,-5.7040806301699,244
3017249778532637184,83.8231187876318,-5.6801211631207,2.501238612355,0.075058478812,II,83.8231187876318,-5.6801211631207,245
3209578074747777792,83.8244099706077,-4.7479289932699,2.472778829795,0.027277521504,II,83.8244099706077,-4.7479289932699,246
3209653253855231232,83.8248258506344,-4.34482080928664,2.484511799817,0.15035213068,II,83.8248258506344,-4.34482080928664,247
3209532410655676032,83.8258690078829,-5.0651847059382,2.482621008897,0.065682021024,II,83.8258690078829,-5.0651847059382,248
3016945385610297600,83.8289469385582,-6.45708131311023,2.755966688493,0.080313854177,II,83.8289469385582,-6.45708131311023,249
3215665177275916416,83.8294188878108,-4.12232037908914,2.353661967112,0.162653888239,II,83.8294188878108,-4.12232037908914,250
3215658408407673088,83.8328857080421,-4.29639262341001,2.167619297234,0.128921661389,II,83.8328857080421,-4.29639262341001,251
3209521415539406848,83.8339692028452,-5.22102857117667,2.586463168898,0.122445320191, F,83.8339692028452,-5.22102857117667,252
3017245006826170368,83.83426153689,-5.78086261665523,2.579241951167,0.073680507421,II,83.83426153689,-5.78086261665523,253
3017159588516633472,83.8370683549219,-6.12152658959542,2.720456115945,0.094752831098,II,83.8370683549219,-6.12152658959542,254
3017265141632813952,83.8374723101751,-5.52269394299999,2.562143849298,0.037795093263,II,83.8374723101751,-5.52269394299999,255
3017183537254269696,83.8373625923995,-6.0668150950365,2.637096767578,0.090088704971,II,83.8373625923995,-6.0668150950365,256
3017246759172818560,83.8385809312074,-5.70345551423388,2.538699766283,0.068305108212,II,83.8385809312074,-5.70345551423388,257
3016542659412930432,83.8388147326746,-6.94011353760408,2.665357291186,0.079582295355,II,83.8388147326746,-6.94011353760408,258
3209572852067565568,83.8396430768411,-4.8459121788463,2.543620410045,0.038439614094,II,83.8396430768411,-4.8459121788463,259
3209527737731263232,83.8399164738502,-5.16380170840436,2.597427713067,0.074438944331,II,83.8399164738502,-5.16380170840436,260
3017252943925579008,83.8401077808999,-5.58288663279251,2.334666408945,0.058915749577,II,83.8401077808999,-5.58288663279251,261
3017252943925578752,83.8404100455943,-5.57968703475854,2.433071872609,0.031709289963,II,83.8404100455943,-5.57968703475854,262
3017141034257936384,83.8406952454428,-6.31424111443644,2.651689818027,0.088485776313,II,83.8406952454428,-6.31424111443644,263
3209529180840270720,83.8411630157658,-5.11717695697478,2.538851594642,0.023920330555,II,83.8411630157658,-5.11717695697478,264
3209571301580843776,83.8412888765713,-4.90204632022188,2.396559011236,0.055048548431,II,83.8412888765713,-4.90204632022188,265
3209579071180411648,83.8430651263395,-4.70212718228634,2.408090630595,0.032945674503,II,83.8430651263395,-4.70212718228634,266
3209528940322103424,83.8433624794933,-5.13476267123426,2.933029446001,0.077291883951, F,83.8433624794933,-5.13476267123426,267
3209578280906199168,83.8448378390008,-4.72388848318656,2.434646740212,0.089932255731,II,83.8448378390008,-4.72388848318656,268
3017147322090043264,83.845016448588,-6.20137180451447,2.664338410927,0.065436937606,II,83.845016448588,-6.20137180451447,269
3209637895052204800,83.8449183035196,-4.48086026960503,2.525766936683,0.034594332722,II,83.8449183035196,-4.48086026960503,270
3209576322401123200,83.845200101331,-4.77820299551098,2.647840878291,0.067008440404,II,83.845200101331,-4.77820299551098,271
3209632775451232768,83.8453601652566,-4.62800067973322,2.474979421988,0.069232095005,II,83.8453601652566,-4.62800067973322,272
3215658511486884864,83.8483089321051,-4.28730193921783,2.438336804227,0.037978222092,II,83.8483089321051,-4.28730193921783,273
3017184808564584192,83.8520405752531,-6.02955637011053,2.538711969772,0.054276061123,II,83.8520405752531,-6.02955637011053,274
3016548431848965888,83.8546561994595,-6.79903426823487,2.453103826744,0.031054839027,II,83.8546561994595,-6.79903426823487,275
3209633290847280256,83.8548522405076,-4.56433426024969,2.621291249131,0.074195065731,II,83.8548522405076,-4.56433426024969,276
3209633290847279744,83.8556616642053,-4.56359439321289,2.478493286833,0.083052458505,II,83.8556616642053,-4.56359439321289,277
3017191336914852480,83.8557476136178,-5.88931940230153,2.469047376615,0.050703545857,II,83.8557476136178,-5.88931940230153,278
3017191749231706752,83.8558000250836,-5.85242497654518,2.52775266245,0.035048433506,II,83.8558000250836,-5.85242497654518,279
3209528905962364160,83.8569020192714,-5.1325695368494,2.671313954364,0.121098334138, F,83.8569020192715,-5.1325695368494,280
3017359012449385728,83.8570016568887,-5.5058617689381,2.374764147069,0.06521524929,II,83.8570016568887,-5.5058617689381,281
3209527733432372736,83.8572296108312,-5.16372704659457,2.56939373301,0.033179294418,II,83.8572296108312,-5.16372704659457,282
3209633222127808512,83.858380445819,-4.58252481330399,2.479300382551,0.099254570972,II,83.858380445819,-4.58252481330399,283
3017245517925000576,83.8590588388017,-5.75238510435271,2.608792951089,0.05344336237,II,83.8590588388017,-5.75238510435271,284
3017360661716621696,83.859790728006,-5.42783220801497,2.437571257434,0.094867026373,II,83.859790728006,-5.42783220801497,285
3017360833515044480,83.8600081058443,-5.41688648640717,2.445907588673,0.105157895714,II,83.8600081058443,-5.41688648640717,286
3209527462853356544,83.8619419151473,-5.18542907893565,2.538766235578,0.034470294355,II,83.8619419151473,-5.18542907893565,287
3017244658937364736,83.8628579163096,-5.81448372057907,2.390991729731,0.035260334623,II,83.8628579163096,-5.81448372057907,288
3209528046968906112,83.8644735156118,-5.16226237668151,2.149929171973,0.122045450214,II,83.8644735156118,-5.16226237668151,289
3017139900386574080,83.8669347542785,-6.35919736308679,2.744864762737,0.124296069658,II,83.8669347542785,-6.35919736308679,290
3016944187315030912,83.8678666655069,-6.50617724933582,2.379474183412,0.123889996689,II,83.8678666655069,-6.50617724933582,291
3017186625333092992,83.8680213665009,-5.98703277757001,2.64163650543,0.057129744367,II,83.8680213665009,-5.98703277757001,292
3017189859446112640,83.86836535572,-5.94112541111549,2.716300674043,0.055615428168,II,83.86836535572,-5.94112541111549,293
3016944290394245888,83.8691498719964,-6.50104361651766,2.510257545681,0.09993424092,II,83.8691498719964,-6.50104361651766,294
3017142752244845056,83.8727651700594,-6.27407128531902,2.478099146953,0.066436617341,II,83.8727651700594,-6.27407128531902,295
3017197727826175872,83.8770031526367,-5.81770696815548,2.61236913426,0.062921532335,II,83.8770031526367,-5.81770696815548,296
3209559486129350912,83.8787423503796,-4.92165536916787,2.518331408471,0.02445976623,II,83.8787423503796,-4.92165536916787,297
3017346952181227776,83.8807086873093,-5.55246239005621,2.584891530116,0.057433612208,II,83.8807086873093,-5.55246239005621,298
3017360799155290368,83.8809738202284,-5.42119829568833,2.422850376353,0.058748035517, F,83.8809738202284,-5.42119829568833,299
3209578830662000384,83.8821316589878,-4.68548388383554,2.573995787233,0.094433166446,II,83.8821316589878,-4.68548388383554,300
3209574810572628352,83.8842669222751,-4.7826052128053,2.595133335872,0.036768182798,II,83.8842669222751,-4.7826052128053,301
3209572233592263808,83.886345904531,-4.83662487795771,2.59147633259,0.027872766474,II,83.886345904531,-4.83662487795771,302
3209578345330280448,83.8875379846885,-4.73305529369091,2.476241011262,0.024495170003,II,83.8875379846885,-4.73305529369091,303
3017245178624857600,83.8881674449507,-5.78539555283737,2.535310511819,0.071658387293,II,83.8881674449507,-5.78539555283737,304
3209572061793574912,83.8889221740163,-4.853186344659,2.549641335579,0.067622273329,II,83.8889221740163,-4.853186344659,305
3209574913651840640,83.8903972760575,-4.77329076414333,2.46919268351,0.033287554796,II,83.8903972760575,-4.77329076414333,306
3016937418446633472,83.8924838510373,-6.6620189462652,2.543756214639,0.053248632072,II,83.8924838510373,-6.6620189462652,307
3209530520870064896,83.8928277214993,-5.10588955861654,2.472038033461,0.050514340796,II,83.8928277214993,-5.10588955861654,308
3209578865021733760,83.893643870505,-4.67243508911058,2.664557621566,0.06300400636,II,83.893643870505,-4.67243508911058,309
3209574707493411712,83.8937746347528,-4.78191807343862,2.624190749543,0.079069689281,II,83.8937746347528,-4.78191807343862,310
3209585599530439168,83.8939711852256,-4.63493935247971,2.622695164009,0.129519792555,II,83.8939711852256,-4.63493935247971,311
3209574604414198272,83.896764180186,-4.79436971299287,2.517470375567,0.050501609856,II,83.896764180186,-4.79436971299287,312
3017362723299586688,83.8970376857074,-5.35755593223767,2.499616072713,0.03269678626,II,83.8970376857074,-5.35755593223767,313
3017186767069660032,83.8980129350381,-5.97196893301046,2.518052080008,0.112486643018,II,83.8980129350381,-5.97196893301046,314
3017372515824989568,83.8983607320556,-5.26200457848696,2.479325417629,0.029736892961,II,83.8983607320556,-5.26200457848696,315
3209534399221611648,83.9016774754914,-5.021036397102,2.458325018179,0.064702543627,II,83.9016774754914,-5.021036397102,316
3215658683285563392,83.9018008429574,-4.27220106485407,2.458560107789,0.083431970055,II,83.9018008429574,-4.27220106485407,317
3017346127547506048,83.9018499605635,-5.56977160654406,2.564468386792,0.059883561849,II,83.9018499605635,-5.56977160654406,318
3016951952615900800,83.9055740686809,-6.3906809016598,2.621036343679,0.049307043731,II,83.9055740686809,-6.3906809016598,319
3017139831667091072,83.9056090283606,-6.35533286827277,2.69769444284,0.077536445328,II,83.9056090283606,-6.35533286827277,320
3209529799315558784,83.9070233813929,-5.1088941331205,2.550529557198,0.055438025008,II,83.9070233813929,-5.1088941331205,321
3209637001698987008,83.9080853686987,-4.43575026638949,2.203366529348,0.097484323601,II,83.9080853686987,-4.43575026638949,322
3209585633890383872,83.9103863966024,-4.64229391516466,2.604348189961,0.093557264769,II,83.9103863966024,-4.64229391516466,323
3016951883896423936,83.9108155433758,-6.39532064894873,2.514569240621,0.085018551463,II,83.9108155433758,-6.39532064894873,324
3016467411586094976,83.9140008736569,-7.34396274708305,2.778634551569,0.096563445059,II,83.9140008736569,-7.34396274708305,325
3209584671817511040,83.9156967950916,-4.67342555568027,2.348362361772,0.054352753254,II,83.9156967950916,-4.67342555568027,326
3209574741853143552,83.9167617156989,-4.76539327513262,2.573318799319,0.026489860348,II,83.9167617156989,-4.76539327513262,327
3209531379863520512,83.916748644174,-5.04362007457396,2.681719028511,0.167665370164,II,83.916748644174,-5.04362007457396,328
3209559279971069440,83.9183320380869,-4.92889284396669,2.658763102413,0.07967820515,II,83.9183320380869,-4.92889284396669,329
3209586355444660992,83.9189767240757,-4.58859440620103,2.569765959906,0.056051339883,II,83.9189767240757,-4.58859440620103,330
3016952090054853888,83.920960025003,-6.37927437779989,2.75682683654,0.044400459025,II,83.920960025003,-6.37927437779989,331
3017169862078404480,83.9259318204674,-6.19549729062507,2.53382061131,0.157091637123,II,83.9259318204674,-6.19549729062507,332
3016940235945174400,83.9281957936532,-6.58104515115406,2.562964401808,0.032810253404,II,83.9281957936532,-6.58104515115406,333
3016952124414592000,83.9285160908657,-6.36240683556424,2.623974184128,0.04199755228,II,83.9285160908657,-6.36240683556424,334
3209574673133667712,83.9292733494999,-4.78343176367331,2.645914707953,0.076861001687,II,83.9292733494999,-4.78343176367331,335
3209531173705090048,83.9294238438823,-5.0520865015109,2.692061049565,0.102931265895,II,83.9294238438824,-5.0520865015109,336
3209637139137932288,83.9296427829896,-4.41547512615411,2.486301858823,0.037952902028,II,83.9296427829896,-4.41547512615411,337
3016952090054853760,83.930748855861,-6.37211158251752,2.703921753746,0.102419696256,II,83.930748855861,-6.37211158251752,338
3017346264986425344,83.9308175314925,-5.54560749467303,2.789069409916,0.079188952183,II,83.9308175314925,-5.54560749467303,339
3209529936754510208,83.9314701182345,-5.09483512232148,2.429601836874,0.041851729911,II,83.9314701182345,-5.09483512232148,340
3215647069693987968,83.9335286949001,-4.26724770835142,2.452581892503,0.117164782825,II,83.9335286949002,-4.26724770835142,341
3209573814140210944,83.9338882434046,-4.80136990547829,2.419123872918,0.038300586893,II,83.9338882434046,-4.80136990547829,342
3016950058534710912,83.9341097255212,-6.47120806811826,2.352676606123,0.17454739046,II,83.9341097255212,-6.47120806811826,343
3209575463407640960,83.9354555201476,-4.73776068349221,2.487313233573,0.034531734408,II,83.9354555201476,-4.73776068349221,344
3209529524437650944,83.9369216867964,-5.12138411375143,2.534413599061,0.032794195178,II,83.9369216867964,-5.12138411375143,345
3016950853104273152,83.9414085167509,-6.43310145113265,2.622804107255,0.105679166531,II,83.9414085167509,-6.43310145113265,346
3017374233811898880,83.9421809417126,-5.18106642832272,2.742862087997,0.034732196703,II,83.9421809417126,-5.18106642832272,347
3017369212984205952,83.9426470572194,-5.30236121182944,2.486318798372,0.047971301749,II,83.9426470572195,-5.30236121182944,348
3017197143710617856,83.9445581292417,-5.82397688197251,2.509845660028,0.02367472282,II,83.9445581292417,-5.82397688197251,349
3017166907140903040,83.9461516887467,-6.19590836329121,2.57638503473,0.165360814156,II,83.9461516887467,-6.19590836329121,350
3017374268171636352,83.947584955832,-5.1745852957142,2.490845686665,0.020711666357,II,83.947584955832,-5.1745852957142,351
3016953601883341312,83.9485398984965,-6.36003129956431,2.744120419356,0.061319614969,II,83.9485398984965,-6.36003129956431,352
3209573436183093120,83.9502902244583,-4.83902507540697,2.554145354049,0.114584195678,II,83.9502902244583,-4.83902507540697,353
3017193295419929472,83.9505578419947,-5.89926296135418,2.393169950076,0.057504728089,II,83.9505578419947,-5.89926296135418,354
3017197074991298304,83.9512813608951,-5.83648981217301,2.512861778829,0.071510634146,II,83.9512813608951,-5.83648981217301,355
3209531517302471808,83.9516055480171,-5.02468214388369,2.591425998998,0.041631088646,II,83.9516055480171,-5.02468214388369,356
3017187110667027200,83.9522051845034,-5.93977210101072,2.625599470384,0.063421833051,II,83.9522051845034,-5.93977210101072,357
3017166907140902912,83.9536404237043,-6.20219229140605,2.484075532374,0.022260110718,II,83.9536404237043,-6.20219229140605,358
3209531311144041856,83.9540816027956,-5.02762819067954,2.415855982432,0.048134981379,II,83.9540816027956,-5.02762819067954,359
3209574329536277504,83.9577601824965,-4.7756805037744,2.76484747628,0.093095874849,II,83.9577601824965,-4.7756805037744,360
3017372309666556160,83.9615521740816,-5.27477985912696,2.51043096558,0.023004952174,II,83.9615521740816,-5.27477985912696,361
3209529593157126272,83.9629004223814,-5.11914764990499,3.210653012496,0.115340235042,II,83.9629004223814,-5.11914764990499,362
3017143164561692800,83.9638623233583,-6.23148822467124,2.718473283178,0.108580159198,II,83.9638623233583,-6.23148822467124,363
3017170029579128064,83.9667901321696,-6.16714260517817,2.762180466969,0.062357288315, F,83.9667901321696,-6.16714260517817,364
3209573573622040320,83.967088766221,-4.82089209495635,2.597598045821,0.124778825684,II,83.967088766221,-4.82089209495635,365
3209581167124196736,83.9677302767495,-4.71802588081524,2.510254523728,0.029601310591,II,83.9677302767495,-4.71802588081524,366
3017373203021508736,83.968032808353,-5.21583680792963,2.287523808517,0.075690172288,II,83.968032808353,-5.21583680792963,367
3209530280351892096,83.9692814475586,-5.0848937238525,2.487521645637,0.030183130549,II,83.9692814475586,-5.0848937238525,368
3017373203019748864,83.9698422048048,-5.21640165842619,2.533851259125,0.033189666245,II,83.9698422048048,-5.21640165842619,369
3215667994774624000,83.9704436296631,-4.13537804309786,2.562726004224,0.067046504663,II,83.9704436296631,-4.13537804309786,370
3209574054658370304,83.9752417627685,-4.78873856463325,2.580630862975,0.041712764976,II,83.9752417627685,-4.78873856463325,371
3209530379132223360,83.9753734543347,-5.07068647831036,2.397917434689,0.021848954502,II,83.9753734543347,-5.07068647831036,372
3017349494800319744,83.9763763274614,-5.44570236507969,2.487094063351,0.031337245065,II,83.9763763274614,-5.44570236507969,373
3215672255382161408,83.9767589851571,-4.02902278271878,2.698644214724,0.091802387445,II,83.9767589851571,-4.02902278271878,374
3017349494800320384,83.9776364591997,-5.45213586535439,2.497315983404,0.044177027087,II,83.9776364591997,-5.45213586535439,375
3017199548892295936,83.9807514205638,-5.7840374091845,2.648462162962,0.092561271984,II,83.9807514205638,-5.7840374091845,376
3016947073533103232,83.9873663860511,-6.49393812065364,2.726545628767,0.104602851598,II,83.9873663860511,-6.49393812065364,377
3016926904366689408,83.988762196954,-6.67447633200521,2.41186868493,0.072929877287,II,83.988762196954,-6.67447633200521,378
3017142271208496640,83.9888085686249,-6.26048109041873,2.590733632853,0.052103786267,II,83.9888085686249,-6.26048109041873,379
3016924567904482560,83.989386898919,-6.71160718911051,2.718895938391,0.034817417981,II,83.989386898919,-6.71160718911051,380
3017186251673566208,83.9902226539781,-5.95512022124231,2.628371297878,0.032016889497,II,83.9902226539781,-5.95512022124231,381
3016927763360145536,83.9927182314308,-6.61197877750774,2.60124609779,0.04157695522,II,83.9927182314308,-6.61197877750774,382
3017165807629355776,83.9927674274824,-6.23457763028187,2.63869386662,0.079357074163,II,83.9927674274824,-6.23457763028187,383
3209635661669185536,83.994214815452,-4.49007609357743,2.397438218668,0.066979545128,II,83.994214815452,-4.49007609357743,384
3017173401131432704,83.9955027841029,-6.044358351268,2.572587710337,0.117936714675,II,83.9955027841029,-6.044358351268,385
3017342622854337792,83.9978584191898,-5.61937846347439,2.434755213158,0.111194111289,II,83.9978584191898,-5.61937846347439,386
3017193089261495552,83.998673904665,-5.91754877816345,2.403189531409,0.1287628144,II,83.998673904665,-5.91754877816345,387
3017142065050066176,83.9989716731124,-6.26852267793421,2.205662938544,0.085320602562,II,83.9989716731124,-6.26852267793421,388
3016926045373231744,83.9993533744703,-6.70847876334005,2.464249093973,0.096467561012,II,83.9993533744703,-6.70847876334005,389
3016926045373231616,84.0007574228208,-6.70942919346329,2.512679270094,0.03445250195,II,84.0007574228208,-6.70942919346329,390
3017165532751368960,84.0046012371862,-6.25873468859528,2.502471226463,0.033527316514,II,84.0046012371862,-6.25873468859528,391
3016950750025105408,84.0045610466806,-6.41879839738156,2.87992716744,0.063284338953,II,84.0045610466806,-6.41879839738156,392
3016925839214801024,84.0069227052895,-6.71004185907549,2.145020013302,0.124079960411,II,84.0069227052895,-6.71004185907549,393
3215648822040625536,84.0150934872503,-4.2382508193094,2.511281737407,0.071233619692,II,84.0150934872503,-4.2382508193094,394
3016925839214800768,84.0208597950066,-6.71221698216432,1.928287078283,0.118471487577,II,84.0208597950066,-6.71221698216432,395
3016947206676163968,84.0211876326602,-6.49227903698019,2.592277890311,0.028817071249,II,84.0211876326603,-6.49227903698019,396
3016952158774377344,84.0215134700789,-6.42371689327398,2.634623340743,0.030535167983,II,84.0215134700789,-6.42371689327398,397
3016945974021475200,84.0274535049687,-6.52860016063791,2.662534360897,0.060582047249,II,84.0274535049687,-6.52860016063791,398
3017165670190318976,84.0277340704147,-6.24054630479493,2.595551269655,0.023773926878,II,84.0277340704147,-6.24054630479493,399
3017376432835144832,84.0283507435018,-5.10433641295199,2.640224795976,0.052949986147,II,84.0283507435018,-5.10433641295199,400
3215642671647475328,84.0287909079968,-4.34372632233575,2.562189573014,0.044745718714,II,84.0287909079968,-4.34372632233575,401
3017200510964946048,84.0304212245374,-5.70603314747158,2.478557291182,0.022858981637,II,84.0304212245374,-5.70603314747158,402
3209581682520242560,84.0336908189928,-4.68907819945867,2.643947945357,0.032337163563,II,84.0336908189928,-4.68907819945867,403
3016920066778758528,84.0345541785962,-6.81009873743644,2.377047641273,0.065188136029,II,84.0345541785962,-6.81009873743644,404
3016952188838521856,84.0396662894576,-6.40933704348438,2.288211765648,0.158699778324,II,84.0396662894576,-6.40933704348438,405
3017200339166252288,84.0430742471914,-5.7075234816472,2.521334238745,0.058190841968,II,84.0430742471914,-5.7075234816472,406
3017368014699258240,84.0437225969134,-5.3291664355665,2.50023277339,0.02466649509,II,84.0437225969134,-5.3291664355665,407
3016977722419674624,84.0471473722647,-6.28219304743924,2.441343942018,0.134320945644,II,84.0471473722647,-6.28219304743924,408
3016952772954085632,84.0477728397178,-6.37281007759478,2.55723712274,0.1448401915,II,84.0477728397178,-6.37281007759478,409
3016949233901018752,84.0486373879082,-6.41621314259092,2.707377469902,0.161643805331,II,84.0486373879082,-6.41621314259092,410
3015710878865725312,84.0487961396722,-7.50307005613056,2.352220895951,0.113952512224,II,84.0487961396722,-7.50307005613056,411
3016952330573066624,84.0525357566224,-6.39432160826118,2.767173642717,0.0927252578,II,84.0525357566224,-6.39432160826118,412
3017166082507174272,84.0615025375311,-6.22136282581717,2.68805936661,0.043666888311,II,84.0615025375311,-6.22136282581717,413
3016977546325141376,84.062811753522,-6.29358568175217,2.528200162074,0.020736705939,II,84.062811753522,-6.29358568175217,414
3016933467076711040,84.0635637291955,-6.60458416546701,2.383363350097,0.156875763038,II,84.0635637291955,-6.60458416546701,415
3017179757683013888,84.0649079538807,-6.01401343857283,2.354300690495,0.169550753087,II,84.0649079538807,-6.01401343857283,416
3016977962937842816,84.0660158020549,-6.24742738080431,2.609430196542,0.050399008264,II,84.0660158020549,-6.24742738080431,417
3017294519220620928,84.0681484317592,-5.6672880755653,2.496493985628,0.105822656825,II,84.0681484317592,-5.6672880755653,418
3017371588112037248,84.0707655714738,-5.19521710089209,2.439054530346,0.03881587225,II,84.0707655714738,-5.19521710089209,419
3016953120847162240,84.0770012597424,-6.34409633526,2.532635335045,0.026967186114,II,84.0770012597424,-6.34409633526,420
3017195593225089152,84.0822666764766,-5.80656155836092,2.732367815377,0.128172294648,II,84.0822666764766,-5.80656155836092,421
3209568797618582144,84.0823533584507,-4.74869232762488,2.515767609723,0.025885764306,II,84.0823533584507,-4.74869232762488,422
3017371313234132096,84.0828224580329,-5.21848462437812,2.454892488467,0.102092194132,II,84.0828224580329,-5.21848462437812,423
3016488955142025984,84.0856641791461,-7.09215856058673,2.581961871954,0.042254579132,II,84.0856641791461,-7.09215856058673,424
3016948894597904128,84.0881734006883,-6.44912453723056,2.621490035352,0.122350806051,II,84.0881734006883,-6.44912453723056,425
3017399041542986112,84.0906923724507,-5.09801033566481,2.492257928795,0.126138394211,II,84.0906923724507,-5.09801033566481,426
3016923296594156416,84.0915047132941,-6.6949877634965,2.485023101345,0.087804454397,II,84.0915047132941,-6.6949877634965,427
3017180685395936768,84.0928050512454,-5.9299025463858,2.800832469854,0.108824737025,II,84.0928050512454,-5.9299025463858,428
3017199170935143680,84.1009835277999,-5.74686205877937,2.571821932121,0.025423550963,II,84.1009835277999,-5.74686205877937,429
3016949891031638656,84.1020089702071,-6.37313806643216,2.654388857398,0.135298704354,II,84.1020089702071,-6.37313806643216,430
3016872066224258816,84.1022731170667,-6.8761577109655,2.823909766738,0.143944459404,II,84.1022731170667,-6.8761577109655,431
3017169621560199424,84.1030669415798,-6.08701170232363,2.639170191494,0.088766851549,II,84.1030669415798,-6.08701170232363,432
3016923017420354688,84.1059639356116,-6.71603388013533,2.041043737462,0.160269297736,II,84.1059639356116,-6.71603388013533,433
3017168178451197952,84.1088762491027,-6.13435923645071,2.59993825315,0.046667761536,II,84.1088762491027,-6.13435923645071,434
3016949405699711616,84.1087901964261,-6.41443460441896,3.226889599063,0.117337086403,II,84.1087901964261,-6.41443460441896,435
3017356744705067776,84.1094999744297,-5.30840408877216,2.309281382301,0.10632706765,II,84.1094999744297,-5.30840408877216,436
3209557458904977664,84.1121638598424,-4.91838490167079,2.606923158851,0.131469168093,II,84.1121638598424,-4.91838490167079,437
3017354992360111616,84.1132789803945,-5.40869664857551,2.654614429585,0.058480392811,II,84.1132789803945,-5.40869664857551,438
3016949822312162048,84.1154898869009,-6.38673407115224,3.044447958079,0.129616416908,II,84.1154898869009,-6.38673407115224,439
3016948654081059328,84.1162020762423,-6.4266433576749,2.543685268363,0.0640274678,II,84.1162020762423,-6.4266433576749,440
3016921887844885632,84.1171005211969,-6.74237389211697,2.554878623953,0.074651917419,II,84.1171005211969,-6.74237389211697,441
3209568866338114944,84.1221293465392,-4.73333495698661,2.782035913547,0.091999688165,II,84.1221293465392,-4.73333495698661,442
3016949616153731584,84.1254065351432,-6.38612433484829,2.512152641732,0.069860055981,II,84.1254065351432,-6.38612433484829,443
3016923056074690432,84.1259627782221,-6.71278084636407,2.062279119906,0.138374802129,II,84.1259627782221,-6.71278084636407,444
3017168487688838784,84.131734333842,-6.14072717710722,2.758364991107,0.050091409359,II,84.131734333842,-6.14072717710722,445
3016976485469132800,84.1349287424587,-6.32216888416907,2.577388161532,0.033122705565,II,84.1349287424587,-6.32216888416907,446
3016923262234415872,84.135088232558,-6.67858290109916,2.445366456979,0.088772985191,II,84.135088232558,-6.67858290109916,447
3209556733051746048,84.1389583228648,-4.92204040175485,2.607009489544,0.119505608399,II,84.1389583228648,-4.92204040175485,448
3017179688963523456,84.1403993223808,-5.96489268378467,2.429164482712,0.066230258376,II,84.1403993223808,-5.96489268378467,449
3016922398945472128,84.1489818533773,-6.71385111061004,2.508559495598,0.156063146401,II,84.1489818533773,-6.71385111061004,450
3017182025425726720,84.1507170062451,-5.92467924046326,2.486857785025,0.0365222496,II,84.1507170062451,-5.92467924046326,451
3017296821323066496,84.1544102467615,-5.56915606039103,2.55811897488,0.099669651939,II,84.1544102467615,-5.56915606039103,452
3016948310483675136,84.1563205716308,-6.45476920367756,2.556732879931,0.088655092054,II,84.1563205716308,-6.45476920367756,453
3016935872258388736,84.1638944974802,-6.50307247943254,2.570178359857,0.073459274528,II,84.1638944974802,-6.50307247943254,454
3017370969636743168,84.1668934975244,-5.20644129039387,2.484962128432,0.05804254241,II,84.1668934975244,-5.20644129039387,455
3016979680924797056,84.1683463269847,-6.22592592919735,2.569808839144,0.034546853685,II,84.1683463269847,-6.22592592919735,456
3016935867962755968,84.169521718872,-6.50256139005263,2.64505093517,0.033065281923,II,84.169521718872,-6.50256139005263,457
3016928313116040320,84.17062614253,-6.68822489236279,2.443682552857,0.104277884553,II,84.17062614253,-6.68822489236279,458
3017355301597749504,84.196573682153,-5.3805835325785,2.493384548007,0.074107459445,II,84.1965736821531,-5.3805835325785,459
3016980711716911488,84.1981012345856,-6.13897914347118,2.545529545937,0.066759471334,II,84.1981012345856,-6.13897914347118,460
3017180960273832576,84.2042102828807,-5.94697891294421,2.544637094332,0.042840065852,II,84.2042102828807,-5.94697891294421,461
3017400759529896320,84.2069203317953,-5.06928837158122,2.441153548184,0.054564495032,II,84.2069203317953,-5.06928837158122,462
3016928175677000704,84.2089387043905,-6.69142172285608,2.403417856861,0.067707621727,II,84.2089387043905,-6.69142172285608,463
3016928175677001088,84.209470662335,-6.69844970428241,2.245727419696,0.153172878126,II,84.209470662335,-6.69844970428241,464
3215594774172175104,84.2136105267749,-4.42776529264564,2.43070126685,0.041090674991, F,84.2136105267749,-4.42776529264564,465
3017395090173068800,84.2161081647558,-5.1433012730631,2.494143539182,0.027933800131,II,84.2161081647558,-5.1433012730631,466
3016881068475698944,84.2195451828339,-6.7189504104005,2.173891604171,0.12227588035,II,84.2195451828339,-6.7189504104005,467
3017288746784573312,84.2242864209704,-5.80035976081617,2.787321776709,0.114279985265,II,84.2242864209704,-5.80035976081617,468
3016972980775816960,84.2300940129233,-6.34049542389733,2.518794621788,0.065506960685,II,84.2300940129233,-6.34049542389733,469
3016936383358843136,84.23413743657,-6.46469342848788,2.214191823489,0.163342198094,II,84.23413743657,-6.46469342848788,470
3016935563020738688,84.2457485176697,-6.4846937162473,2.624172102448,0.055446397962,II,84.2457485176697,-6.4846937162473,471
3016986239338948224,84.2468807345548,-6.15453936384658,2.750993006596,0.098812036762,II,84.2468807345548,-6.15453936384658,472
3017352720307757568,84.2513667509328,-5.41904839788852,2.414182795261,0.078609035866,II,84.2513667509328,-5.41904839788852,473
3016931714730044032,84.2538996990683,-6.55306084310189,2.522264313555,0.096398041689,II,84.2538996990683,-6.55306084310189,474
3017295962329601408,84.2576058105969,-5.60783933554528,2.417319182316,0.10181813641,II,84.2576058105969,-5.60783933554528,475
3017295962329600640,84.2599387352879,-5.6082517383802,2.656232069968,0.047592459195,II,84.2599387352879,-5.6082517383802,476
3017352758977106560,84.2628987606845,-5.40390754270026,2.387442196174,0.037260315688,II,84.2628987606845,-5.40390754270026,477
3215602260298047360,84.2672317379959,-4.32852872122367,2.9429455271,0.147691243729,II,84.2672317379959,-4.32852872122367,478
3017292075371693824,84.2747487268774,-5.68207659876592,2.214743975276,0.131473884145,II,84.2747487268774,-5.68207659876592,479
3017275483925567872,84.2822593849031,-5.88185748364904,2.547700099254,0.031419838337,II,84.2822593849031,-5.88185748364904,480
3016930993175537536,84.3052636866407,-6.58348839967478,2.570247106411,0.052534146417,II,84.3052636866407,-6.58348839967478,481
3016853443246145664,84.3081236763132,-7.05639708230358,2.644143984755,0.0478095171,II,84.3081236763132,-7.05639708230358,482
3016853443246145792,84.3084281630106,-7.0614197741567,2.480797684597,0.037905190228,II,84.3084281630106,-7.0614197741567,483
3017305583056325888,84.3181787734494,-5.43446902151161,2.471855476947,0.142721454529,II,84.3181787734494,-5.43446902151161,484
3016473390180542720,84.3183625536337,-7.19621558554201,2.732092896926,0.108367397361,II,84.3183625536337,-7.19621558554201,485
3017276377278749824,84.3260420149077,-5.82243406851881,2.658347931587,0.10183196275,II,84.3260420149077,-5.82243406851881,486
3017279229137022720,84.3267045915918,-5.73123719785987,2.556260008184,0.036984269604,II,84.3267045915918,-5.73123719785987,487
3015719468800302720,84.3329312204779,-7.31606870307584,2.147915231025,0.146130473342,II,84.3329312204779,-7.31606870307584,488
3016857394616051072,84.3423631756541,-6.91255214789394,2.473505939855,0.0980065844,II,84.3423631756541,-6.91255214789394,489
3016880175122582016,84.3452637400413,-6.74623085882935,2.411364154878,0.053457465748,II,84.3452637400413,-6.74623085882935,490
3017397151757361024,84.3531700198635,-5.07620553617373,2.573917877716,0.021838184357,II,84.3531700198635,-5.07620553617373,491
3017299363943689344,84.3583970896937,-5.56703775205667,2.61214603002,0.034439831501,II,84.3583970896937,-5.56703775205667,492
3017403366563296640,84.365769771051,-5.03260994992693,2.489421440043,0.151783154234,II,84.365769771051,-5.03260994992693,493
3016956002768759552,84.3777146906559,-6.49070567896494,2.677877074362,0.177518829371,II,84.3777146906559,-6.49070567896494,494
3016882683383478912,84.3851941195692,-6.65138892406608,2.591430194275,0.058523752675,II,84.3851941195692,-6.65138892406608,495
3016852171935822720,84.4028159061802,-7.05124215946774,2.643902897923,0.086049441517,II,84.4028159061802,-7.05124215946774,496
3015714967674577024,84.4042160596587,-7.40465342844734,2.331302399828,0.129968279146,II,84.4042160596587,-7.40465342844734,497
3017272838225693440,84.405930980569,-5.87269885224211,2.629663542324,0.083880117845,II,84.405930980569,-5.87269885224211,498
3017274831090511232,84.4168886835619,-5.80649497596757,2.693946873093,0.146071440241,II,84.4168886835619,-5.80649497596757,499
3016882442865307648,84.424144700797,-6.65950419153644,1.932389695565,0.161464812889,II,84.424144700797,-6.65950419153644,500
3017301597326671232,84.4341654370641,-5.49199266436669,2.905533154979,0.060086819621,II,84.4341654370641,-5.49199266436669,501
3016863991685811840,84.4353409897789,-6.84348941084814,2.478134667727,0.033191407631,II,84.4353409897789,-6.84348941084814,502
3215570722355435904,84.4406884765118,-4.72420905552349,2.549929135319,0.030650748337,II,84.4406884765118,-4.72420905552349,503
3016906357243208448,84.4477709456396,-6.60827474745426,2.327437574826,0.089471254205,II,84.4477709456396,-6.60827474745426,504
3016097219764158848,84.4492156209537,-7.19383753360489,2.581447329343,0.125182506402,II,84.4492156209537,-7.19383753360489,505
3015611231328331648,84.4539891053858,-7.95548998123273,2.518816481934,0.034726494401,II,84.4539891053858,-7.95548998123273,506
3215585290884488320,84.4550188409433,-4.43669694736427,2.500720677413,0.090575887801,II,84.4550188409433,-4.43669694736427,507
3016863716807904640,84.4556061401779,-6.86035698108326,2.480290132826,0.067455549204,II,84.4556061401779,-6.86035698108326,508
3016861998820990208,84.4642167871654,-6.95268167989281,2.569176892693,0.114863860943,II,84.4642167871654,-6.95268167989281,509
3015697959604175616,84.4719411242644,-7.5624678314448,2.522282350581,0.154543199408,II,84.4719411242644,-7.5624678314448,510
3016853099648753152,84.4728576405755,-6.97101579050601,2.469539112922,0.056712231543,II,84.4728576405755,-6.97101579050601,511
3016859043883489792,84.4770007696181,-6.95861964376375,2.530717463359,0.022189240796,II,84.4770007696181,-6.95861964376375,512
3016852893490323072,84.4800141784369,-6.97871421278021,2.095940850529,0.105249905755,II,84.4800141784369,-6.97871421278021,513
3016858975164012928,84.4800662809915,-6.95994103462195,2.461546793399,0.128680109291,II,84.4800662809915,-6.95994103462195,514
3016906219804253312,84.4874772224582,-6.60924480962535,2.642065671492,0.163463933416,II,84.4874772224582,-6.60924480962535,515
3016878250977227264,84.4949882227034,-6.72610945207363,2.511305821641,0.087585422134,II,84.4949882227034,-6.72610945207363,516
3215624529705519616,84.4995891885541,-4.22781235855407,2.441289656938,0.032850105576,II,84.4995891885541,-4.22781235855407,517
3016877976099356032,84.5103385061459,-6.74583325885035,2.448336505125,0.107230187635,II,84.5103385061459,-6.74583325885035,518
3016901920540395776,84.5135815707035,-6.69641022241742,2.441078670307,0.122859403876,II,84.5135815707035,-6.69641022241742,519
3215624048669350016,84.5162321809055,-4.27856938877666,2.445289778807,0.067637636493,II,84.5162321809055,-4.27856938877666,520
3016092684278695040,84.5167669959782,-7.29735324270874,2.562397999622,0.123913420757,II,84.5167669959782,-7.29735324270874,521
3015705106429904256,84.5174209194439,-7.36787994990525,2.613205103535,0.085683679259,II,84.5174209194439,-7.36787994990525,522
3016909514042742400,84.5253283884545,-6.49756542471438,2.384989912112,0.066669442395,II,84.5253283884546,-6.49756542471438,523
3017393200389094912,84.5302955150563,-5.02174376343755,2.743457180133,0.038672577759,II,84.5302955150563,-5.02174376343755,524
3016100655737994624,84.5381616187565,-7.09050699087134,2.567606879443,0.050705160496,II,84.5381616187565,-7.09050699087134,525
3016864678880575616,84.538768106372,-6.82127933375058,2.555351015683,0.053142368687, F,84.538768106372,-6.82127933375058,526
3016957278375450752,84.5425826844933,-6.42405796557369,2.561692140505,0.04581317529,II,84.5425826844933,-6.42405796557369,527
3016858872084795136,84.543727663596,-6.95198681533569,2.453084033151,0.093277563481,II,84.543727663596,-6.95198681533569,528
3016099075190030208,84.572639867856,-7.16101272665864,2.761823665081,0.105439476242,II,84.572639867856,-7.16101272665864,529
3016100002902964864,84.5978389467255,-7.07906617497902,2.509811172497,0.095107650893,II,84.5978389467255,-7.07906617497902,530
3017327332770682368,84.6074373365535,-5.36971432400754,2.611799595706,0.051211091455,II,84.6074373365535,-5.36971432400754,531
3015649443653596288,84.608514778751,-7.63309133630621,2.375700329531,0.095479940791,II,84.608514778751,-7.63309133630621,532
3016861723943073664,84.6116336548859,-6.84867757160609,2.584097354264,0.078573056933,II,84.6116336548859,-6.84867757160609,533
3016860173458220544,84.6153038455784,-6.91487645904813,2.610163323801,0.024926796339,II,84.6153038455784,-6.91487645904813,534
3016861071108045952,84.6332350959477,-6.8774972843327,2.259735953385,0.119061116772,II,84.6332350959477,-6.8774972843327,535
3015699127835266944,84.636214539234,-7.51448031414969,2.34032189286,0.080314510782,II,84.636214539234,-7.51448031414969,536
3016081208126178688,84.6410012339371,-7.28414007001302,2.091062349845,0.087323616275,II,84.6410012339372,-7.28414007001302,537
3015637177227123072,84.6466666889067,-7.83880214988714,2.509853079309,0.130959150131,II,84.6466666889067,-7.83880214988714,538
3016095433057858560,84.6527334648209,-7.18337295446639,2.82682103905,0.146703074721,II,84.6527334648209,-7.18337295446639,539
3016095089460559616,84.6782913826125,-7.21217838471984,2.595264398149,0.069086153882, F,84.6782913826125,-7.21217838471984,540
3023401034990208512,84.7062368310759,-4.85230333557125,2.375594216566,0.046110918125,II,84.7062368310759,-4.85230333557125,541
3016079829440620800,84.7084469771347,-7.33845967222311,2.585135408597,0.075176839266,II,84.7084469771347,-7.33845967222311,542
3016076878799144192,84.7182457468485,-7.35258598955395,2.559118157549,0.059862914203,II,84.7182457468485,-7.35258598955395,543
3016074744199295872,84.7271790542327,-7.46436475775706,1.865044813771,0.108380488031,II,84.7271790542327,-7.46436475775706,544
3016101652170495104,84.7288781621434,-7.11967168565329,2.432841489409,0.162928939714,II,84.7288781621434,-7.11967168565329,545
3016133366208916480,84.7376730187435,-6.88310351388291,2.684854956058,0.070128983669,II,84.7376730187435,-6.88310351388291,546
3016081586083297024,84.7443319997229,-7.27934343802971,2.436174043674,0.042326108599, F,84.7443319997229,-7.27934343802971,547
3017074475146712704,84.7546889045006,-5.98493257460172,2.553978436114,0.16327920751,II,84.7546889045006,-5.98493257460172,548
3016028191049876096,84.8430874648937,-7.44569059854801,2.472875444715,0.066462369215,II,84.8430874648937,-7.44569059854801,549
3017063140729923584,84.8484713928442,-6.10910364987624,2.415626426885,0.128722514341,II,84.8484713928442,-6.10910364987624,550
3015429197730665216,84.858304803049,-8.06856144156479,2.7659064078,0.06112474081,II,84.858304803049,-8.06856144156479,551
3015633157137720704,84.9013742603569,-7.73084013428166,2.535673724009,0.068045297961,II,84.9013742603569,-7.73084013428166,552
3016127525053473152,84.9018065235546,-7.0162348406821,2.396642217355,0.088013462562,II,84.9018065235546,-7.0162348406821,553
3015626697506911616,84.9418568498832,-7.88353197952634,2.673165043403,0.106951259479,II,84.9418568498832,-7.88353197952634,554
3016010427065215744,84.9969348863403,-7.62584582905715,2.733176627325,0.040191779746,II,84.9969348863403,-7.62584582905715,555
3016991122718336128,85.0210482814497,-6.49018947895938,2.613750790947,0.035538252636,II,85.0210482814497,-6.49018947895938,556
3016997547989392896,85.0227965087779,-6.36093447392552,2.489051005552,0.024822708133,II,85.0227965087779,-6.36093447392552,557
3016994112015571072,85.0237966650826,-6.46575756673222,2.542114998366,0.063788583061,II,85.0237966650826,-6.46575756673222,558
3015628965249638272,85.0261128463561,-7.79569209224831,2.509685025118,0.057025451652,II,85.0261128463561,-7.79569209224831,559
3017010295452313984,85.0280381912369,-6.27193902279319,2.635710589553,0.036823406669,II,85.0280381912369,-6.27193902279319,560
3016086740044033280,85.0409000727659,-7.16508717417507,2.608864652102,0.052642559938,II,85.0409000727659,-7.16508717417507,561
3012097059023353216,85.0490225431919,-9.70307863774592,2.5511465551,0.12101579312,II,85.0490225431919,-9.70307863774592,562
3015335017687856640,85.0575121177211,-8.4438534744416,2.981640266258,0.090034817041,II,85.0575121177211,-8.4438534744416,563
3015439540011905280,85.0588530920123,-7.89632563022883,2.463998084949,0.061526837955,II,85.0588530920123,-7.89632563022883,564
3016031180347186304,85.0850264257905,-7.43168088603528,2.290660982019,0.065141014668,II,85.0850264257905,-7.43168088603528,565
3015413770208134016,85.0909904186525,-8.14886504992406,2.779966718424,0.143063510197,II,85.0909904186525,-8.14886504992406,566
3015414629201592576,85.1040482026885,-8.1258730486023,2.499364156914,0.024715106697,II,85.1040482026886,-8.1258730486023,567
3016110860580352128,85.1068598632732,-7.09367838132915,2.362910813637,0.062087469546,II,85.1068598632732,-7.09367838132915,568
3015413083013367168,85.1072915961529,-8.18800020311028,2.644617179282,0.151190551399,II,85.1072915961529,-8.18800020311028,569
3015414663561330560,85.113101812661,-8.12679844357724,2.965935562051,0.113969390746,II,85.113101812661,-8.12679844357724,570
3016110585702445568,85.1258186929014,-7.11247790645497,2.53742876327,0.08874638681,II,85.1258186929014,-7.11247790645497,571
3012122107272610432,85.1265345771565,-9.5981470670845,2.256679719373,0.071964419133,II,85.1265345771565,-9.5981470670845,572
3015302960051996160,85.1537037753088,-8.89669661446185,2.194224616711,0.043191744485,II,85.1537037753088,-8.89669661446185,573
3015421157551880064,85.1556621635455,-8.06750898657234,2.352880633367,0.056824157759, F,85.1556621635455,-8.06750898657234,574
3016239537801576832,85.166901869142,-6.53054877386052,2.677756100468,0.04663152599,II,85.166901869142,-6.53054877386052,575
3012121420077840256,85.1726784380081,-9.60722852634995,2.191904710497,0.054013451265,II,85.1726784380081,-9.60722852634995,576
3015419572707866880,85.1840596095183,-8.12637615622214,2.697866389832,0.1574211961,II,85.1840596095183,-8.12637615622214,577
3016033100196424192,85.1880152927938,-7.37363732109607,2.22909050663,0.033499804079,II,85.1880152927938,-7.37363732109607,578
3015420259902423552,85.1925885254845,-8.09010495709271,2.605061195626,0.033460170684,II,85.1925885254845,-8.09010495709271,579
3015420362981638528,85.1933356973152,-8.07669275465826,2.541548708039,0.03583991327,II,85.1933356973152,-8.07669275465826,580
3015303509807808384,85.2051693807723,-8.85607787615477,2.151711466144,0.095545723536,II,85.2051693807723,-8.85607787615477,581
3012185810227516544,85.2223422094134,-9.23408560962093,2.255096567877,0.03453533128,II,85.2223422094134,-9.23408560962093,582
3012186325623589376,85.2613175523929,-9.20806806731903,2.248278105461,0.072288697383,II,85.2613175523929,-9.20806806731903,583
3015814439117897088,85.2728708326651,-7.78543528462701,2.624226605113,0.138227979473,II,85.2728708326652,-7.78543528462701,584
3015814537901375872,85.2795185686523,-7.77291891475589,2.247224835386,0.138405625507,II,85.2795185686523,-7.77291891475589,585
3012185294831438720,85.2881814107616,-9.23460979238926,2.254092864148,0.10195926903,II,85.2881814107616,-9.23460979238926,586
3012181893217340928,85.292226786527,-9.26526536255547,2.305239733559,0.10027262871,II,85.292226786527,-9.26526536255547,587
3012185638428820352,85.3004120031487,-9.19975163548895,2.242677529285,0.040083588834,II,85.3004120031487,-9.19975163548895,588
3012296139347060096,85.3006101867891,-8.98133848270006,2.09041578308,0.097898768917,II,85.3006101867891,-8.98133848270006,589
3015416037950917248,85.3084537853036,-8.13262098629903,2.345247808261,0.079760756918,II,85.3084537853036,-8.13262098629903,590
3012123893978987648,85.3174335982471,-9.5047564087832,2.101140316115,0.0753578002,II,85.3174335982471,-9.5047564087832,591
3016017333372618240,85.3271898448263,-7.4392536498367,2.327233313111,0.03146279795,II,85.3271898448263,-7.4392536498367,592
3015313439772208640,85.3456269372531,-8.65305625299325,2.082049665422,0.104516547433,II,85.3456269372531,-8.65305625299325,593
3012296689102867712,85.3521708202877,-8.94226069611454,2.14240719372,0.042454363296,II,85.3521708202877,-8.94226069611454,594
3015417682922382336,85.3556446678818,-8.09853410896167,2.429477483068,0.038857455084, F,85.3556446678818,-8.09853410896167,595
3015813202167314176,85.3577808915497,-7.83075916879246,2.129474526304,0.145904400636,II,85.3577808915497,-7.83075916879246,596
3012295555231502976,85.36041597901,-8.97765628914894,2.044959583208,0.052370073412,II,85.3604159790101,-8.97765628914894,597
3012126677117886848,85.3654841427412,-9.52818525985362,2.115980375398,0.062992174313,II,85.3654841427413,-9.52818525985362,598
3012131590560373376,85.3675155115764,-9.39457805525104,2.535166873352,0.117137369369,II,85.3675155115764,-9.39457805525104,599
3015418099535217024,85.3774590807253,-8.0800838412173,2.436870088423,0.108870546185,II,85.3774590807253,-8.0800838412173,600
3015798633638359936,85.3884361400034,-7.91730079553704,2.350277939523,0.045351431295,II,85.3884361400034,-7.91730079553704,601
3016060003871706496,85.3892682417653,-7.184199527324,2.381360048525,0.116642123833,II,85.3892682417653,-7.184199527324,602
3016249811363341568,85.4020863619908,-6.34589558719531,2.61737322255,0.021779352881,II,85.4020863619908,-6.34589558719531,603
3012280024629768320,85.405766112986,-9.13089353946727,2.038342720396,0.116752479363,II,85.405766112986,-9.13089353946727,604
3015362368039588096,85.4369656938863,-8.35851430407519,2.365945168951,0.166462554431,II,85.4369656938864,-8.35851430407519,605
3015796911355479552,85.4399982746722,-7.9319569885157,2.476608105836,0.135561962642,II,85.4399982746722,-7.9319569885157,606
3015826701249187712,85.4455591997191,-7.57091995519964,2.086404302458,0.107473572066, F,85.4455591997191,-7.57091995519964,607
3016046985826813440,85.4531114686065,-7.26653899245396,2.424935925739,0.049083775374,II,85.4531114686065,-7.26653899245396,608
3015794128216616576,85.4572555082014,-8.00896593699484,2.413034288053,0.039677363327,II,85.4572555082014,-8.00896593699484,609
3015827289660029824,85.4599993578513,-7.53490797587642,2.45023324707,0.110551663278,II,85.4599993578514,-7.53490797587642,610
3011883130996177280,85.5003807169493,-10.0198188008455,2.222465697022,0.137296643799,II,85.5003807169493,-10.0198188008455,611
3016043927810093568,85.5107812237329,-7.26660869800115,2.349512762225,0.075174363323,II,85.5107812237329,-7.26660869800115,612
3015795987938499200,85.5122787241418,-7.93911630744658,2.330941864149,0.032015157219,II,85.5122787241418,-7.93911630744658,613
3012277550728658048,85.5171361839557,-9.14512392338695,2.192070152566,0.132171717821,II,85.5171361839557,-9.14512392338695,614
3015747059671068288,85.5232938237272,-8.01820562291525,2.141481245625,0.099708550201,II,85.5232938237272,-8.01820562291525,615
3015748464124340224,85.5460254263495,-8.01815832216929,2.120000059249,0.132483126915,II,85.5460254263495,-8.01815832216929,616
3012109119291579776,85.5554035946963,-9.6657129648602,1.932249734526,0.068289060292,II,85.5554035946963,-9.6657129648602,617
3011907015310374528,85.5588338515817,-9.93901778085563,2.17637389064,0.057779999496, F,85.5588338515817,-9.93901778085563,618
3015748708938504960,85.5608200845799,-7.98274340259464,1.806689390581,0.110105535867,II,85.5608200845799,-7.98274340259464,619
3015745650921796224,85.5815163002843,-8.0854399224769,2.000703446714,0.14220644866,II,85.5815163002843,-8.0854399224769,620
3015742214947962752,85.5898490819219,-8.1415845651803,2.180298765761,0.045277487289,II,85.5898490819219,-8.1415845651803,621
3012230374807820544,85.5941981618737,-9.19849087505413,2.559657971552,0.117924091011,II,85.5941981618738,-9.19849087505413,622
3011905709640318848,85.6013090721007,-10.010403628992,1.759109673461,0.175850699379,II,85.6013090721007,-10.010403628992,623
3015742146228485120,85.6074286383642,-8.14724074963527,1.90020384931,0.123869126237,II,85.6074286383642,-8.14724074963527,624
3015748846377454336,85.6104049463447,-7.98079620290102,2.160565400949,0.060806322385,II,85.6104049463447,-7.98079620290102,625
3011905434762412416,85.6156675755583,-10.0309195297826,2.167062566095,0.039542373602,II,85.6156675755583,-10.0309195297826,626
3015748949456668032,85.6215213206669,-7.9748356853566,2.151720476545,0.105116341297,II,85.6215213206669,-7.9748356853566,627
3012342181396446080,85.6275683372802,-8.54868627723578,2.391554558227,0.029053677164,II,85.6275683372802,-8.54868627723578,628
3011909076894669312,85.6280563918539,-9.88417895576303,1.955294739508,0.096283346272,II,85.6280563918539,-9.88417895576303,629
3015741145500420352,85.641763002485,-8.16656502652371,2.464628554457,0.119483013721,II,85.641763002485,-8.16656502652371,630
3011893786811104256,85.6434179937846,-10.0311636184964,2.095022411579,0.113218526408,II,85.6434179937846,-10.0311636184964,631
3011893786811104000,85.6453681076042,-10.0295824329336,2.127442039307,0.060688982296,II,85.6453681076043,-10.0295824329336,632
3015728505412356608,85.6483505252388,-8.2505448447785,2.520047097298,0.102175623438,II,85.6483505252388,-8.2505448447785,633
3011906053237698432,85.6493144704293,-9.98203938138908,2.480739751911,0.128660087349,II,85.6493144704294,-9.98203938138908,634
3011893408853983232,85.6545759534198,-10.058326562797,1.973468773019,0.102123647608,II,85.6545759534198,-10.058326562797,635
3015347211098999424,85.6570693098585,-8.42098329801002,2.680549322648,0.154788418554,II,85.6570693098585,-8.42098329801002,636
3012331117560694784,85.6596373406178,-8.68384546321908,2.116074939951,0.09664561815,II,85.6596373406178,-8.68384546321908,637
3011907977383041920,85.6634225107809,-9.92579637317991,1.876469336548,0.11243958241,II,85.6634225107809,-9.92579637317991,638
3015345669206779776,85.6639766107632,-8.44119551701199,2.217175476717,0.062425003255,II,85.6639766107632,-8.44119551701199,639
3012290985386287872,85.6654831615517,-8.91392924893614,2.422131691519,0.112446381777,II,85.6654831615517,-8.91392924893614,640
3012222815665441024,85.6659554195462,-9.36282675635242,2.259474978717,0.064210410579,II,85.6659554195462,-9.36282675635242,641
3012331358078862720,85.6700563811219,-8.66907088102077,2.238192267193,0.064393468091,II,85.6700563811219,-8.66907088102077,642
3015727783857916160,85.6754330897444,-8.25421736822425,2.503747617889,0.156352697514,II,85.6754330897444,-8.25421736822425,643
3012235563128366080,85.6823532210428,-9.17740139462494,2.302066201092,0.034160562325,II,85.6823532210428,-9.17740139462494,644
3012235563128366208,85.6826737270255,-9.17872760285377,2.348697649266,0.064449571536,II,85.6826737270255,-9.17872760285377,645
3015741218515544704,85.6832773424437,-8.15742138919422,2.176341714585,0.122681238958,II,85.6832773424437,-8.15742138919422,646
3015743177020629504,85.6838209026713,-8.10731865447538,2.845208386094,0.159833253455,II,85.6838209026713,-8.10731865447538,647
3012341283747783808,85.6874628063783,-8.55991424958219,2.611233138991,0.168154848784,II,85.6874628063783,-8.55991424958219,648
3015743211380365312,85.6965830028235,-8.0991816812127,2.074343982391,0.113677028663,II,85.6965830028235,-8.0991816812127,649
3015744379611467264,85.6976620619309,-8.06817722411873,2.218101699902,0.122228425867,II,85.6976620619309,-8.06817722411873,650
3011918697621401088,85.6987341131965,-9.78953726923058,2.127235701595,0.086900893554,II,85.6987341131965,-9.78953726923058,651
3012235460049150208,85.6991666214348,-9.17717194964514,2.167462202975,0.064438111519,II,85.6991666214348,-9.17717194964514,652
3015743138363897344,85.6991558597059,-8.10105032363955,2.082021165438,0.170618304398,II,85.6991558597059,-8.10105032363955,653
3011909695369951616,85.7037962348518,-9.83675066939799,2.171370703895,0.046586456517,II,85.7037962348518,-9.83675066939799,654
3015806124061283968,85.7041997222427,-7.74187783538837,2.399310456816,0.058306590858,II,85.7041997222427,-7.74187783538837,655
3015806119765504512,85.7045888947841,-7.74356062232131,2.244350196935,0.170540396346,II,85.7045888947841,-7.74356062232131,656
3015729158247448320,85.7074767658303,-8.20285699922592,1.995797258797,0.105609054617,II,85.7074767658303,-8.20285699922592,657
3012331495517815424,85.7104694744718,-8.66604299077399,2.33981472072,0.135091895567,II,85.7104694744718,-8.66604299077399,658
3012331598597029504,85.714294099756,-8.65055632129569,2.727243400927,0.16466990358,II,85.714294099756,-8.65055632129569,659
3015742829127072256,85.7152303898906,-8.12810015796173,2.19898677957,0.129162373284,II,85.7152303898906,-8.12810015796173,660
3012331598597029632,85.7187946483586,-8.65465766608802,2.26056198418,0.106570859482,II,85.7187946483586,-8.65465766608802,661
3015348761583229568,85.7233478454788,-8.33962669384094,2.125357656406,0.092346052209,II,85.7233478454788,-8.33962669384094,662
3012287652491665920,85.723985442441,-8.95774593143861,2.318671415888,0.034065775145,II,85.723985442441,-8.95774593143861,663
3012337577191504512,85.7349410350871,-8.62941058341746,2.163833000583,0.10482817875,II,85.7349410350871,-8.62941058341746,664
3015347833870294528,85.7372684421893,-8.38064344060117,2.177189192767,0.082345578675,II,85.7372684421893,-8.38064344060117,665
3015730807514906880,85.7463877015765,-8.15656032250769,2.216190239423,0.066854852507,II,85.7463877015765,-8.15656032250769,666
3011892790378687744,85.7497537566186,-10.0612700518307,2.350799250414,0.087981724454,II,85.7497537566186,-10.0612700518307,667
3015743486258266368,85.7574182301597,-8.08071924464551,2.291181086399,0.035293781168,II,85.7574182301597,-8.08071924464551,668
3011894710228218752,85.7710958954256,-10.0174021499056,2.322216125941,0.124354169293,II,85.7710958954256,-10.0174021499056,669
3015729914161691392,85.7853827597016,-8.19230799684002,2.274413145952,0.106532222263,II,85.7853827597016,-8.19230799684002,670
3012338298746008320,85.7947951205803,-8.56539712780144,2.780232665846,0.132515087048,II,85.7947951205803,-8.56539712780144,671
3011916086281273856,85.8127024631797,-9.77299868753583,2.234474025038,0.072750101509,II,85.8127024631797,-9.77299868753583,672
3011892137543646080,85.8625468757716,-9.99379753071558,2.198634875063,0.037576745146,II,85.8625468757716,-9.99379753071558,673
3012327436772983936,85.9317887324592,-8.57124787389822,2.311160574259,0.093333565561,II,85.9317887324592,-8.57124787389822,674
3012722509340910336,85.9437633163074,-8.31449132098026,2.475573300361,0.062469198936,II,85.9437633163074,-8.31449132098026,675
3015782445904972288,85.9815419476521,-7.74667934864619,2.589930092849,0.140568254779,II,85.9815419476521,-7.74667934864619,676
3012025655191053440,86.0070336557224,-9.43347879280453,1.956960730858,0.050267303238,II,86.0070336557224,-9.43347879280453,677
3012725567357614208,86.1184442251509,-8.25277383843933,2.404024799357,0.125240933784,II,86.1184442251509,-8.25277383843933,678
3012711239346713216,86.2701557171077,-8.36943910889799,2.527704924923,0.107043068038,II,86.2701557171077,-8.36943910889799,679
3012738452259483008,86.4321971495835,-8.19478432000275,2.471770736416,0.04600860622,II,86.4321971495835,-8.19478432000275,680
3012048886670499712,86.4357684215404,-9.32026923512159,2.239951886334,0.064730159131,II,86.4357684215404,-9.32026923512159,681
3012679452292969088,86.6595470149888,-8.53109601341052,1.984526523897,0.040617894088,II,86.6595470149888,-8.53109601341052,682