recno,2MASS,UGCS,OName,RAJ2000,DEJ2000,rPos,SpType,pmRA,e_pmRA,pmDE,e_pmDE,plx,e_plx,RV,e_RV,r_RV,U,e_U,V,e_V,W,e_W,Gmag,e_Gmag,GBPmag,e_GBPmag,GRPmag,e_GRPmag,Pop,SimbadName
1,J04034997+2620382,J040349.98+262038.1,XEST 06-006,60.95832,26.343864,Gaia,M5.25,14.212,0.295,-19.389,0.197,6.836,0.183,,,,,,,,,,16.985,0.002,19.369,0.036,15.561,0.004,blue,2MASS J04034997+2620382
2,J04044307+2618563,,IRAS 04016+2610,61.179461,26.315664,2MASS,K3,,,,,,,,,,,,,,,,,,,,,,,2MASS J04044307+2618563
3,J04064443+2540182,J040644.44+254018.1,,61.685215,25.671653,Gaia,M5.75,14.009,0.241,-18.784,0.124,6.506,0.124,,,,,,,,,,16.375,0.001,18.687,0.02,14.956,0.006,blue,2MASS J04064443+2540182
4,J04065134+2541282,,V1195 Tau,61.714057,25.691266,Gaia,K7,12.368,0.253,-18.119,0.088,6.385,0.095,16.01,0.2,1,-16.96,0.26,-12.99,0.24,-8.07,0.11,12.043,0.005,11.896,0.04,10.275,0.025,blue,2MASS J04065134+2541282
5,J04105425+2501266,J041054.25+250126.4,,62.726062,25.024065,2MASS,M2,,,,,,,,,,,,,,,,,,,,,,,2MASS J04105425+2501266
6,J04110081+2717163,J041100.82+271716.1,,62.753392,27.287872,2MASS,M9.5,,,,,,,,,,,,,,,,,,,,,,,2MASS J04110081+2717163
7,J04124068+2438157,J041240.69+243815.6,,63.169621,24.637623,Gaia,M3.5,14.258,0.15,-18.838,0.113,6.839,0.084,,,,,,,,,,14.588,0.002,16.328,0.017,13.284,0.004,blue,2MASS J04124068+2438157
8,J04131414+2819108,,LkCa 1,63.30902,28.319526,Gaia,M3.6,8.371,0.138,-24.403,0.094,7.761,0.057,9.57,0.12,1,-10.08,0.14,-12.41,0.11,-9.19,0.08,12.531,0.001,13.998,0.006,11.346,0.004,red,2MASS J04131414+2819108
9,J04132722+2816247,,Anon 1,63.363464,28.273412,Gaia,M0.5,7.44,0.156,-23.835,0.105,7.337,0.068,,,,,,,,,,12.223,0.001,13.748,0.005,11.007,0.003,red,2MASS J04132722+2816247
10,J04135328+2811233,J041353.28+281123.3,IRAS 04108+2803 A,63.472057,28.189686,Gaia,M5,11.323,2.528,-22.677,1.887,6.906,1.008,,,,,,,,,,20.396,0.007,21.486,0.219,18.451,0.053,red,2MASS J04135328+2811233
11,J04135471+2811328,J041354.71+281132.7,IRAS 04108+2803 B,63.477987,28.192472,2MASS,K-M,,,,,,,,,,,,,,,,,,,,,,,2MASS J04135471+2811328
12,J04135737+2918193,,IRAS 04108+2910,63.489117,29.305277,Gaia,M3,9.95,0.294,-22.89,0.141,8.099,0.1,,,,,,,,,,15.137,0.016,16.36,0.049,13.975,0.046,red,2MASS J04135737+2918193
13,J04141188+2811535,J041411.88+281153.3,,63.549554,28.198067,Gaia,M6.25,9.077,0.421,-23.889,0.211,7.628,0.166,,,,,,,,,,17.285,0.013,18.57,0.079,15.892,0.03,red,2MASS J04141188+2811535
14,,J041412.28+280837.1,IRAS 04111+2800G,63.551204,28.143658,UKIDSS,,,,,,,,,,,,,,,,,,,,,,,,
15,J04141291+2812124,,V773 Tau A+B,63.553891,28.203313,Gaia,K4,8.932,0.391,-29.054,0.25,7.805,0.141,16.0,2.5,2,-16.08,2.43,-13.44,0.54,-12.56,0.46,9.984,0.002,10.873,0.006,9.078,0.007,red,2MASS J04141291+2812124
16,J04141358+2812492,,FM Tau,63.556642,28.213552,Gaia,M4.5,8.587,0.103,-24.416,0.067,7.58,0.047,,,,,,,,,,13.619,0.009,14.771,0.046,12.475,0.023,red,2MASS J04141358+2812492
17,J04141458+2827580,,FN Tau,63.560856,28.466027,Gaia,M3.5,9.501,0.145,-23.569,0.108,7.62,0.062,14.9,0.4,3,-15.41,0.41,-11.69,0.14,-9.89,0.05,12.81,0.002,14.526,0.008,11.54,0.006,red,2MASS J04141458+2827580
18,J04141700+2810578,,CW Tau,63.570891,28.182609,Gaia,K3,8.278,0.101,-24.159,0.067,7.55,0.039,13.6,0.1,1,-13.85,0.12,-11.94,0.07,-10.38,0.06,12.928,0.035,13.8,0.129,11.688,0.113,red,2MASS J04141700+2810578
19,J04141760+2806096,,CIDA 1,63.573414,28.10258,Gaia,M5,8.339,0.197,-23.318,0.128,7.37,0.087,16.2,0.7,4,-16.34,0.7,-11.43,0.21,-10.89,0.09,15.67,0.004,17.482,0.03,14.291,0.013,red,2MASS J04141760+2806096
20,J04142626+2806032,,MHO 1,63.609489,28.100795,Gaia,M2.5,5.54,1.098,-27.639,0.742,7.036,0.543,,,,,,,,,,19.357,0.008,21.717,0.199,17.525,0.018,red,2MASS J04142626+2806032
21,J04142639+2805597,,MHO 2,63.610052,28.099789,Gaia,M2.5,8.784,0.441,-25.726,0.291,7.54,0.218,,,,,,,,,,16.989,0.003,20.088,0.07,15.329,0.008,red,2MASS J04142639+2805597
22,J04143054+2805147,,MHO 3,63.627319,28.087285,Gaia,M2.2,2.651,0.393,-24.114,0.254,4.128,0.192,,,,,,,,,,15.868,0.005,18.561,0.052,14.392,0.025,red,2MASS J04143054+2805147
23,J04143062+2807020,J041430.64+280701.9,,63.627608,28.117243,2MASS,M6,,,,,,,,,,,,,,,,,,,,,,,2MASS J04143062+2807020
24,J04144158+2809583,J041441.58+280958.4,,63.673289,28.166201,2MASS,M9.75,,,,,,,,,,,,,,,,,,,,,,,2MASS J04144158+2809583
25,J04144730+2646264,,FP Tau,63.69714,26.773906,Gaia,M2.6,9.48,0.119,-22.688,0.078,7.784,0.052,16.26,0.15,1,-16.27,0.17,-11.17,0.09,-9.96,0.05,12.736,0.002,14.074,0.009,11.59,0.005,red,2MASS J04144730+2646264
26,J04144739+2803055,,XEST 20-066,63.697532,28.051421,Gaia,M5.25,10.157,0.155,-26.128,0.103,7.771,0.077,,,,,,,,,,14.291,0.001,16.362,0.005,12.935,0.002,red,2MASS J04144739+2803055
27,J04144786+2648110,,CX Tau,63.699465,26.802963,Gaia,M2.5,9.025,0.1,-22.451,0.065,7.817,0.04,16.63,0.12,1,-16.54,0.14,-10.75,0.07,-10.14,0.04,12.618,0.001,13.904,0.005,11.494,0.002,red,2MASS J04144786+2648110
28,J04144797+2752346,,LkCa 3 A+B,63.699957,27.876176,Gaia,M2.4,,,,,,,14.97,0.22,5,,,,,,,11.132,0.003,12.354,0.006,10.023,0.004,,2MASS J04144797+2752346
29,J04144928+2812305,,FO Tau A+B,63.705384,28.20837,Gaia,M3.5,10.652,0.709,-21.171,0.527,6.372,0.377,,,,,,,,,,13.397,0.002,15.325,0.015,12.05,0.007,red,2MASS J04144928+2812305
30,J04145234+2805598,,XEST 20-071 A,63.717942,28.099842,Gaia,M3.25,7.995,0.185,-22.161,0.124,7.394,0.092,,,,,,,,,,14.076,0.001,16.352,0.009,12.646,0.004,red,2MASS J04145234+2805598
31,,,XEST 20-071 B,63.718511,28.099849,Gaia,,8.961,0.27,-23.606,0.202,7.378,0.154,,,,,,,,,,15.031,0.002,,,,,red,
32,J04150515+2808462,,CIDA 2,63.771527,28.146021,Gaia,M5.5,8.461,0.259,-24.479,0.197,7.487,0.141,,,,,,,,,,13.672,0.001,15.805,0.005,12.307,0.002,red,2MASS J04150515+2808462
33,J04151471+2800096,J041514.72+280009.3,KPNO 1,63.811385,28.002497,Gaia,M8.5,8.549,1.438,-25.522,1.054,7.882,0.688,,,,,,,,,,20.137,0.006,21.491,0.237,18.456,0.033,red,2MASS J04151471+2800096
34,J04152409+2910434,J041524.11+291043.2,,63.850477,29.17867,Gaia,M7,10.737,0.623,-19.436,0.429,5.969,0.316,,,,,,,,,,18.407,0.002,21.002,0.216,16.771,0.008,blue,2MASS J04152409+2910434
35,J04153452+2913469,J041534.52+291346.6,,63.893859,29.229717,2MASS,,,,,,,,,,,,,,,,,,,,,,,,2MASS J04153452+2913469
36,J04153566+2847417,J041535.67+284741.4,,63.898674,28.794822,Gaia,M5.5,,,,,,,,,,,,,,,,20.88,0.012,21.243,0.297,18.622,0.049,,2MASS J04153566+2847417
37,J04153916+2818586,,,63.913227,28.316153,Gaia,M3.75,9.248,0.153,-24.384,0.106,7.605,0.081,,,,,,,,,,14.295,0.003,16.406,0.012,12.935,0.009,red,2MASS J04153916+2818586
38,J04154131+2915078,J041541.32+291507.6,,63.922197,29.252124,Gaia,M5.75,12.0,0.273,-18.021,0.191,6.367,0.135,,,,,,,,,,16.717,0.001,19.35,0.056,15.239,0.004,blue,2MASS J04154131+2915078
39,J04154269+2909558,J041542.70+290955.7,,63.927942,29.165484,Gaia,M6.5,12.183,0.381,-16.6,0.254,6.387,0.185,,,,,,,,,,17.466,0.002,20.133,0.11,15.816,0.008,blue,2MASS J04154269+2909558
40,J04154278+2909597,,IRAS 04125+2902,63.928339,29.166542,Gaia,M1,12.336,0.139,-17.754,0.09,6.252,0.066,,,,,,,,,,13.991,0.002,15.601,0.009,12.752,0.004,blue,2MASS J04154278+2909597
41,J04154807+2911331,J041548.08+291132.9,,63.950355,29.192488,Gaia,M9,,,,,,,,,,,,,,,,20.944,0.014,21.611,0.475,19.212,0.094,,2MASS J04154807+2911331
42,J04155799+2746175,J041558.00+274617.2,,63.991708,27.771376,Gaia,M5.5,7.818,0.229,-24.652,0.153,7.371,0.107,,,,,,,,,,15.664,0.007,18.105,0.035,14.211,0.024,red,2MASS J04155799+2746175
43,J04161210+2756385,J041612.11+275638.3,,64.050492,27.943914,Gaia,M4.75,8.887,0.266,-25.716,0.191,7.273,0.117,,,,,,,,,,16.167,0.014,18.839,0.05,14.686,0.04,red,2MASS J04161210+2756385
44,J04161726+2817128,,,64.07197,28.286785,Gaia,M4.75,8.267,0.203,-25.347,0.152,7.627,0.115,,,,,,,,,,14.876,0.002,17.277,0.011,13.457,0.005,red,2MASS J04161726+2817128
45,J04161885+2752155,J041618.86+275215.2,,64.078617,27.87083,Gaia,M6.25,7.469,0.3,-24.929,0.208,7.284,0.143,,,,,,,,,,16.916,0.001,20.052,0.068,15.369,0.005,red,2MASS J04161885+2752155
46,J04162810+2807358,,LkCa 4,64.117146,28.126481,Gaia,M2,6.852,0.087,-25.905,0.062,7.702,0.035,15.77,0.11,1,-15.54,0.12,-11.6,0.07,-12.03,0.05,12.074,0.008,13.171,0.031,11.004,0.019,red,2MASS J04162810+2807358
47,J04163911+2858491,J041639.12+285848.9,,64.16306,28.9803,Gaia,M5.5,4.975,1.153,-15.0,0.685,6.248,0.544,,,,,,,,,,17.093,0.004,19.908,0.057,15.502,0.008,blue,2MASS J04163911+2858491
48,J04173372+2820468,,CY Tau,64.390579,28.346226,Gaia,M2.3,9.18,0.102,-25.548,0.075,7.759,0.044,16.68,0.02,1,-16.95,0.04,-12.07,0.09,-10.98,0.08,12.475,0.008,13.583,0.038,11.389,0.018,red,2MASS J04173372+2820468
49,J04173893+2833005,,LkCa 5,64.41231,28.55005,Gaia,M2.2,6.869,0.166,-25.249,0.091,7.676,0.06,15.83,0.16,1,-15.75,0.19,-11.3,0.11,-11.66,0.09,12.692,0.001,13.911,0.006,11.596,0.003,red,2MASS J04173893+2833005
50,J04174955+2813318,J041749.56+281331.5,KPNO 10,64.456529,28.225383,Gaia,M5,8.81,0.238,-25.219,0.188,7.28,0.117,,,,,,,,,,16.475,0.007,18.42,0.043,15.097,0.021,red,2MASS J04174955+2813318
51,J04174965+2829362,,V410 X-ray 1,64.456941,28.493318,Gaia,M3.7,6.904,0.184,-24.624,0.116,7.75,0.076,,,,,,,,,,14.445,0.033,16.26,0.081,13.068,0.098,red,2MASS J04174965+2829362
52,J04180796+2826036,J041807.97+282603.4,V410 X-ray 3,64.533261,28.434247,Gaia,M6.25,8.428,0.377,-24.73,0.261,8.478,0.183,17.9,1.2,4,-17.91,1.21,-9.94,0.35,-10.69,0.15,15.739,0.001,18.455,0.017,14.23,0.003,red,2MASS J04180796+2826036
53,J04181078+2519574,,V409 Tau,64.544971,25.332505,Gaia,M1,8.827,0.083,-23.335,0.064,7.612,0.04,,,,,,,,,,12.219,0.007,13.874,0.113,11.164,0.021,red,2MASS J04181078+2519574
54,J04181710+2828419,J041817.10+282841.7,V410 Anon 13,64.571317,28.478204,Gaia,M5.75,5.789,0.737,-25.031,0.366,8.04,0.334,20.4,0.9,3,-19.82,1.0,-9.33,0.55,-12.86,0.37,18.106,0.002,21.208,0.139,16.452,0.008,red,2MASS J04181710+2828419
55,J04182909+2826191,,V410 Anon 25,64.62124,28.438643,2MASS,M3.5,,,,,,,,,,,,,,,,,,,,,,,2MASS J04182909+2826191
56,J04183030+2743208,J041830.30+274320.7,KPNO 11,64.626301,27.72229,Gaia,M5.5,8.733,0.196,-26.265,0.145,7.699,0.094,,,,,,,,,,15.558,0.001,17.816,0.011,14.152,0.002,red,2MASS J04183030+2743208
57,J04183110+2827162,,V410 Tau A+B+C,64.629661,28.45438,Gaia,K5,8.683,0.128,-25.1,0.061,7.667,0.053,19.9,0.3,1,-19.96,0.31,-11.26,0.11,-11.85,0.04,10.321,0.003,11.059,0.012,9.502,0.008,red,2MASS J04183110+2827162
58,J04183112+2816290,,DD Tau A+B,64.62974,28.274656,Gaia,M3.5,8.816,0.38,-25.644,0.225,8.125,0.189,13.9,0.6,1,-14.19,0.64,-11.88,0.34,-10.06,0.17,13.808,0.018,14.862,0.059,12.366,0.041,red,2MASS J04183112+2816290
59,,J041831.24+282617.9,SST Tau 041831.2+282617,64.630179,28.438325,UKIDSS,,,,,,,,,,,,,,,,,,,,,,,,
60,J04183158+2816585,,CZ Tau A+B,64.631628,28.282823,Gaia,M4.2,,,,,,,,,,,,,,,,13.828,0.002,15.514,0.006,12.533,0.004,,2MASS J04183158+2816585
61,J04183203+2831153,J041832.04+283115.1,IRAS 04154+2823,64.633525,28.520831,Gaia,M2.5,,,,,,,,,,,,,,,,20.858,0.031,21.153,0.731,19.071,0.169,,2MASS J04183203+2831153
62,J04183444+2830302,,V410 X-ray 2,64.643529,28.508396,2MASS,M0,,,,,,,,,,,,,,,,,,,,,,,2MASS J04183444+2830302
63,J04184023+2824245,,V410 X-ray 4,64.667649,28.406688,Gaia,M3.5,,,,,,,,,,,,,,,,21.042,0.017,,,,,,2MASS J04184023+2824245
64,J04184061+2819155,,V892 Tau,64.669249,28.320883,Gaia,A0,6.619,0.239,-29.875,0.143,8.515,0.116,,,,,,,,,,13.479,0.001,15.358,0.005,12.097,0.003,red,2MASS J04184061+2819155
65,,,V892 Tau NE,64.669737,28.32192,Gaia,,6.908,0.787,-24.014,0.445,7.584,0.381,,,,,,,,,,18.718,0.004,20.43,0.11,16.802,0.03,red,
66,J04184133+2827250,J041841.32+282724.7,LR 1,64.672218,28.456947,2MASS,K4.5,,,,,,,,,,,,,,,,,,,,,,,2MASS J04184133+2827250
67,J04184250+2818498,,V410 X-ray 7,64.67714,28.313761,Gaia,M0.75,12.128,0.53,-24.146,0.325,7.968,0.257,,,,,,,,,,17.405,0.002,20.152,0.067,15.78,0.004,red,2MASS J04184250+2818498
68,J04184530+2758484,J041845.29+275848.0,,64.68875,27.980131,2MASS,M9.25,,,,,,,,,,,,,,,,,,,,,,,2MASS J04184530+2758484
69,J04184703+2820073,,Hubble 4,64.695997,28.335305,Gaia,K8,8.296,0.356,-25.309,0.229,7.951,0.152,15.0,1.7,6,-15.18,1.68,-11.64,0.4,-10.55,0.25,11.652,0.002,12.916,0.004,10.549,0.002,red,2MASS J04184703+2820073
70,J04185115+2814332,J041851.16+281432.9,KPNO 2,64.713176,28.242476,Gaia,M7.5,8.614,0.626,-24.653,0.369,7.958,0.306,,,,,,,,,,18.313,0.002,20.664,0.117,16.708,0.008,red,2MASS J04185115+2814332
71,J04185147+2820264,J041851.48+282026.1,CoKu Tau 1,64.714527,28.340585,Gaia,M0,,,,,,,,,,,,,,,,17.806,0.01,18.994,0.031,15.72,0.018,,2MASS J04185147+2820264
72,J04185813+2812234,J041858.14+281223.2,IRAS 04158+2805,64.742281,28.206386,Gaia,M5.25,5.672,1.41,-23.139,0.935,11.143,0.584,,,,,,,,,,18.47,0.019,19.72,0.079,16.245,0.059,red,2MASS J04185813+2812234
73,J04190110+2819420,,V410 X-ray 6,64.754643,28.328248,Gaia,M5.5,8.705,0.345,-25.337,0.199,8.377,0.153,,,,,,,,,,14.848,0.001,17.613,0.01,13.323,0.003,red,2MASS J04190110+2819420
74,J04190126+2802487,J041901.27+280248.3,KPNO 12,64.755337,28.046707,Gaia,M9,,,,,,,,,,,,,,,,21.165,0.021,,,,,,2MASS J04190126+2802487
75,J04190197+2822332,J041901.98+282232.8,V410 X-ray 5a,64.758284,28.375797,Gaia,M5.5,9.188,0.534,-25.756,0.263,7.404,0.23,14.7,0.4,3,-15.16,0.49,-13.35,0.5,-10.72,0.32,16.93,0.002,,,,,red,2MASS J04190197+2822332
76,,,FQ Tau B,64.803339,28.492373,Gaia,M4,,,,,,,,,,,,,,,,,,,,,,,
77,J04191281+2829330,,FQ Tau A,64.803526,28.49245,Gaia,M3.5,,,,,,,,,,,,,,,,14.135,0.017,15.742,0.03,12.662,0.008,,2MASS J04191281+2829330
78,J04191583+2906269,,BP Tau,64.816019,29.107368,Gaia,M0.5,8.627,0.144,-26.177,0.105,7.747,0.058,15.24,0.04,1,-15.69,0.07,-12.33,0.12,-10.88,0.11,11.444,0.005,12.215,0.018,10.563,0.011,red,2MASS J04191583+2906269
79,J04192625+2826142,,V819 Tau,64.859487,28.437185,Gaia,K8,8.357,0.177,-25.471,0.086,7.593,0.064,16.64,0.02,1,-16.82,0.06,-12.13,0.13,-11.27,0.12,12.187,0.007,13.262,0.024,11.138,0.017,red,2MASS J04192625+2826142
80,J04193545+2827218,,FR Tau,64.89779,28.455967,Gaia,M5.25,11.933,0.656,-25.972,0.397,8.358,0.301,,,,,,,,,,14.762,0.005,16.494,0.013,13.107,0.003,red,2MASS J04193545+2827218
81,J04194127+2749484,,LkCa 7 A+B,64.922002,27.829934,Gaia,M0,9.937,0.235,-24.961,0.125,7.913,0.102,17.98,0.04,1,-18.2,0.09,-11.82,0.19,-10.54,0.15,11.859,0.006,12.682,0.024,10.659,0.017,red,2MASS J04194127+2749484
82,J04194148+2716070,J041941.49+271606.8,IRAS 04166+2708,64.922838,27.268616,2MASS,,,,,,,,,,,,,,,,,,,,,,,,2MASS J04194148+2716070
83,,,IRAS 04166+2706,64.927083,27.226861,Spitzer,,,,,,,,,,,,,,,,,,,,,,,,
84,J04194657+2712552,J041946.58+271255.0,[GKH94] 41,64.944061,27.215336,2MASS,M7.5,,,,,,,,,,,,,,,,,,,,,,,2MASS J04194657+2712552
85,J04195040+2820485,J041950.41+282048.5,,64.960038,28.346827,2MASS,L0,,,,,,,,,,,,,,,,,,,,,,,2MASS J04195040+2820485
86,J04195844+2709570,J041958.45+270956.9,IRAS 04169+2702,64.993539,27.165852,2MASS,,,,,,,,,,,,,,,,,,,,,,,,2MASS J04195844+2709570
87,J04201611+2821325,J042016.11+282132.2,,65.067187,28.358924,Gaia,M6.5,8.556,0.496,-25.181,0.279,7.752,0.201,,,,,,,,,,17.883,0.003,20.488,0.075,16.35,0.007,red,2MASS J04201611+2821325
88,J04202144+2813491,J042021.43+281348.9,,65.089345,28.230326,2MASS,M1,,,,,,,,,,,,,,,,,,,,,,,2MASS J04202144+2813491
89,J04202555+2700355,J042025.56+270035.4,,65.106542,27.009798,Gaia,M5.25,11.351,0.474,-17.73,0.258,5.87,0.185,,,,,,,,,,17.033,0.001,19.721,0.059,15.524,0.005,blue,2MASS J04202555+2700355
90,J04202583+2819237,J042025.84+281923.5,IRAS 04173+2812,65.107697,28.323176,Gaia,M4,10.661,0.987,-24.222,0.535,8.188,0.418,,,,,,,,,,19.105,0.017,20.331,0.08,17.734,0.059,red,2MASS J04202583+2819237
91,J04202606+2804089,,,65.10865,28.069069,Gaia,M3.5,8.332,0.112,-26.074,0.07,7.843,0.053,,,,,,,,,,13.476,0.001,14.932,0.003,12.29,0.002,red,2MASS J04202606+2804089
92,J04203918+2717317,,XEST 16-045,65.163341,27.292049,Gaia,M4.5,10.415,0.122,-26.085,0.084,7.515,0.065,,,,,,,,,,13.745,0.002,15.506,0.009,12.463,0.006,red,2MASS J04203918+2717317
93,J04204301+2810364,J042043.02+281036.1,,65.179224,28.176781,2MASS,M9.25,,,,,,,,,,,,,,,,,,,,,,,2MASS J04204301+2810364
94,J04210749+2703022,J042107.49+270302.0,,65.281216,27.050619,2MASS,M6,,,,,,,,,,,,,,,,,,,,,,,2MASS J04210749+2703022
95,J04210795+2702204,J042107.96+270220.3,,65.283215,27.038915,Gaia,M5.25,,,,,,,,,,,,,,,,18.502,0.037,20.357,0.167,16.659,0.102,,2MASS J04210795+2702204
96,J04210934+2750368,J042109.35+275036.4,,65.289005,27.843383,Gaia,M5.25,7.952,0.231,-26.851,0.149,8.452,0.098,,,,,,,,,,15.042,0.001,16.854,0.013,13.456,0.002,red,2MASS J04210934+2750368
97,J04211038+2701372,J042110.40+270137.1,IRAS 04181+2654 B,65.293285,27.027016,2MASS,K7,,,,,,,,,,,,,,,,,,,,,,,2MASS J04211038+2701372
98,J04211146+2701094,J042111.48+270109.3,IRAS 04181+2654 A,65.297787,27.019279,2MASS,M3,,,,,,,,,,,,,,,,,,,,,,,2MASS J04211146+2701094
99,J04213459+2701388,J042134.60+270138.7,,65.394197,27.02735,Gaia,M5.5,11.773,0.314,-16.632,0.207,5.988,0.138,,,,,,,,,,16.415,0.002,19.34,0.032,14.805,0.005,blue,2MASS J04213459+2701388
100,J04213965+2649143,J042139.65+264914.0,,65.415253,26.820494,Gaia,M6,10.667,0.373,-18.084,0.191,6.013,0.168,,,,,,,,,,16.897,0.001,19.796,0.06,15.368,0.004,blue,2MASS J04213965+2649143
101,J04214013+2814224,J042140.14+281422.2,XEST 21-026,65.41731,28.239489,Gaia,M5.75,8.357,0.193,-25.982,0.117,7.789,0.095,,,,,,,,,,15.515,0.002,17.742,0.013,14.122,0.006,red,2MASS J04214013+2814224
102,J04214323+1934133,,IRAS 04187+1927,65.430174,19.570313,Gaia,M2.4,5.7,0.179,-11.755,0.135,6.723,0.099,,,,,,,,,,14.422,0.002,16.5,0.009,13.026,0.004,red,2MASS J04214323+1934133
103,J04214631+2659296,J042146.31+265929.3,,65.443018,26.99142,Gaia,M5.75,11.917,0.643,-18.326,0.431,6.232,0.283,,,,,,,,,,18.628,0.002,21.071,0.168,17.003,0.009,blue,2MASS J04214631+2659296
104,J04215450+2652315,J042154.51+265231.4,,65.47719,26.875376,Gaia,M8.5,,,,,,,,,,,,,,,,20.977,0.015,20.91,0.232,19.203,0.088,,2MASS J04215450+2652315
105,J04215482+2642372,J042154.82+264237.2,,65.478478,26.710314,Gaia,M5,10.139,0.276,-16.873,0.143,6.201,0.13,,,,,,,,,,16.054,0.001,18.404,0.016,14.64,0.002,blue,2MASS J04215482+2642372
106,J04215563+2755060,,DE Tau,65.481863,27.918267,Gaia,M2.3,10.755,0.174,-27.221,0.083,7.851,0.066,15.4,0.02,1,-15.91,0.06,-13.83,0.14,-10.25,0.11,11.913,0.001,13.079,0.006,10.821,0.003,red,2MASS J04215563+2755060
107,,,IRAM 04191+1522,65.486933,15.496111,Spitzer,,,,,,,,,,,,,,,,,,,,,,,,
108,J04215740+2826355,,RY Tau,65.489246,28.443093,Gaia,G1,4.987,0.557,-25.712,0.477,2.257,0.239,16.5,2.4,6,,,,,,,10.693,0.014,11.363,0.037,9.884,0.052,red,2MASS J04215740+2826355
109,J04215884+2818066,,HD 283572,65.495245,28.301695,Gaia,G4,9.011,0.115,-26.385,0.072,7.673,0.052,14.22,0.08,1,-14.61,0.1,-13.26,0.11,-10.47,0.07,8.796,0.001,9.263,0.003,8.193,0.002,red,2MASS J04215884+2818066
110,J04215943+1932063,,T Tau N+S,65.497687,19.535058,Gaia,K0,11.356,0.122,-14.837,0.1,6.929,0.058,19.1,1.1,6,-18.38,1.06,-11.58,0.13,-7.51,0.29,9.627,0.003,10.399,0.009,8.745,0.006,red,2MASS J04215943+1932063
111,J04220007+1530248,J042200.08+153024.7,IRAS 04191+1523 B,65.500315,15.506902,2MASS,,,,,,,,,,,,,,,,,,,,,,,,2MASS J04220007+1530248
112,J04220043+1530212,J042200.42+153021.2,IRAS 04191+1523 A,65.501831,15.505893,2MASS,,,,,,,,,,,,,,,,,,,,,,,,2MASS J04220043+1530212
113,J04220069+2657324,J042200.71+265732.4,,65.502906,26.959024,2MASS,K5,,,,,,,,,,,,,,,,,,,,,,,2MASS J04220069+2657324
114,,J042201.36+265512.1,,65.505672,26.920047,UKIDSS,L1,,,,,,,,,,,,,,,,,,,,,,,
115,J04220217+2657304,,FS Tau A+B,65.509135,26.958425,Gaia,M0,,,,,,,,,,,,,,,,14.321,0.006,15.743,0.031,12.84,0.018,,2MASS J04220217+2657304
116,J04220313+2825389,,LkCa 21,65.51316,28.427416,Gaia,M2.5,10.27,0.307,-25.864,0.21,8.314,0.139,14.3,0.3,1,-14.87,0.34,-12.24,0.25,-9.25,0.16,12.317,0.001,13.672,0.004,11.166,0.002,red,2MASS J04220313+2825389
117,J04220496+1934483,,RX J0422.1+1934,65.520707,19.580056,Gaia,M4.5,6.757,0.169,-12.729,0.131,6.906,0.097,,,,,,,,,,14.064,0.003,16.135,0.014,12.681,0.009,red,2MASS J04220496+1934483
118,J04221332+1934392,,,65.555524,19.57752,Gaia,M8,6.416,0.498,-12.41,0.399,7.284,0.292,,,,,,,,,,17.432,0.002,20.52,0.095,15.802,0.006,red,2MASS J04221332+1934392
119,J04221568+2657060,J042215.68+265706.0,XEST 11-078,65.565426,26.951643,Gaia,M1,,,,,,,,,,,,,,,,17.173,0.005,18.238,0.016,15.692,0.005,,2MASS J04221568+2657060
120,J04221644+2549118,J042216.45+254911.6,,65.568557,25.819864,Gaia,M7.75,14.126,0.39,-19.654,0.293,6.611,0.194,,,,,,,,,,17.617,0.003,20.439,0.163,16.013,0.011,blue,2MASS J04221644+2549118
121,J04221675+2654570,,IRAS F04192+2647,65.569917,26.915805,Gaia,M1.5,11.307,0.273,-17.597,0.18,6.346,0.135,,,,,,,,,,16.081,0.023,17.65,0.07,14.768,0.072,blue,2MASS J04221675+2654570
122,J04222404+2646258,,XEST 11-087,65.600248,26.773802,Gaia,M4.75,11.413,0.22,-17.856,0.143,6.125,0.105,,,,,,,,,,15.03,0.001,17.404,0.008,13.61,0.002,blue,2MASS J04222404+2646258
123,J04224786+2645530,,IRAS 04196+2638,65.699557,26.764612,Gaia,M1,10.743,0.23,-17.142,0.15,6.342,0.11,,,,,,,,,,15.97,0.009,17.929,0.034,14.587,0.026,blue,2MASS J04224786+2645530
124,J04225416+2439538,,,65.725752,24.66482,Gaia,M5,7.994,0.211,-23.411,0.147,7.86,0.101,,,,,,,,,,13.35,0.002,15.511,0.01,11.958,0.006,red,2MASS J04225416+2439538
125,J04230607+2801194,J042306.08+280119.2,,65.775373,28.021984,Gaia,M6,7.929,0.274,-26.682,0.182,7.469,0.136,,,,,,,,,,16.2,0.002,18.722,0.033,14.733,0.006,red,2MASS J04230607+2801194
126,J04230776+2805573,J042307.77+280557.4,IRAS 04200+2759,65.782447,28.099181,Gaia,M2,9.654,0.326,-27.014,0.22,7.191,0.172,,,,,,,,,,17.081,0.018,18.445,0.051,15.768,0.065,red,2MASS J04230776+2805573
127,J04231822+2641156,J042318.23+264115.4,,65.826051,26.687584,Gaia,M3.5,,,,,,,,,,,,,,,,18.105,0.005,20.799,0.119,16.415,0.008,,2MASS J04231822+2641156
128,J04233290+1950193,J042332.91+195019.2,PSO J065.8871+19.8386,65.887163,19.838637,Gaia,M9,8.309,0.821,-10.676,0.481,6.814,0.361,,,,,,,,,,18.444,0.003,21.306,0.24,16.798,0.012,red,2MASS J04233290+1950193
129,J04233539+2503026,,FU Tau A,65.897496,25.050671,Gaia,M7,6.895,0.376,-21.026,0.202,7.598,0.15,,,,,,,,,,15.241,0.002,18.025,0.014,13.71,0.007,red,2MASS J04233539+2503026
130,J04233573+2502596,J042335.74+250259.4,FU Tau B,65.89895,25.049797,Gaia,M9.25,12.45,4.056,-21.761,1.903,7.491,1.289,,,,,,,,,,20.48,0.007,21.447,0.2,18.574,0.037,red,2MASS J04233573+2502596
131,J04233919+2456141,,FT Tau,65.913322,24.937198,Gaia,M3,6.918,0.119,-21.698,0.075,7.825,0.052,,,,,,,,,,13.611,0.005,14.943,0.027,12.38,0.013,red,2MASS J04233919+2456141
132,J04242090+2630511,J042420.91+263050.8,,66.087119,26.514067,Gaia,M6.5,9.255,0.386,-27.366,0.261,7.268,0.183,,,,,,,,,,17.636,0.005,20.041,0.062,16.14,0.02,red,2MASS J04242090+2630511
133,J04242321+2650084,,,66.096773,26.835577,Gaia,M2,11.491,0.172,-18.347,0.12,6.463,0.09,,,,,,,,,,14.189,0.004,15.912,0.02,12.908,0.011,blue,2MASS J04242321+2650084
134,J04242646+2649503,J042426.47+264950.1,,66.110311,26.830548,Gaia,M5.75,11.579,0.255,-17.861,0.18,6.43,0.13,,,,,,,,,,16.96,0.001,19.743,0.065,15.468,0.005,blue,2MASS J04242646+2649503
135,J04244457+2610141,,IRAS 04216+2603,66.185806,26.170512,Gaia,M2.8,11.866,0.304,-17.322,0.154,6.267,0.109,,,,,,,,,,15.62,0.037,17.19,0.155,14.298,0.1,blue,2MASS J04244457+2610141
136,J04244506+2701447,J042445.07+270144.5,J1-4423,66.187813,27.028988,Gaia,M4.5,8.394,0.148,-26.844,0.107,7.891,0.083,,,,,,,,,,14.576,0.001,16.367,0.006,13.287,0.003,red,2MASS J04244506+2701447
137,J04244815+2643161,,RX J0424.8+2643,66.200694,26.721066,Gaia,K1,10.469,0.104,-14.544,0.077,6.166,0.046,12.8,,7,-13.9,0.98,-11.66,0.18,-4.93,0.17,10.725,0.001,11.624,0.005,9.814,0.003,blue,2MASS J04244815+2643161
138,J04244904+2643104,,HD 283641,66.204407,26.719482,Gaia,K0,10.612,0.173,-17.047,0.134,6.212,0.084,16.23,0.04,1,-17.07,0.09,-12.57,0.2,-7.0,0.15,10.799,0.002,11.639,0.006,9.92,0.004,blue,2MASS J04244904+2643104
139,J04245021+2641006,J042450.21+264100.5,,66.209246,26.683446,Gaia,M5,12.341,0.254,-17.218,0.174,6.527,0.127,,,,,,,,,,16.29,0.002,18.816,0.022,14.831,0.007,blue,2MASS J04245021+2641006
140,J04245708+2711565,,IP Tau,66.237884,27.198925,Gaia,M0.6,8.359,0.11,-26.747,0.076,7.659,0.042,16.24,0.03,1,-16.11,0.05,-13.3,0.09,-11.32,0.08,12.422,0.005,13.419,0.019,11.414,0.016,red,2MASS J04245708+2711565
141,J04251550+2829275,J042515.51+282927.3,,66.314675,28.490875,Gaia,M6.5,10.787,0.287,-25.045,0.202,7.516,0.144,,,,,,,,,,15.25,0.002,17.858,0.014,13.77,0.007,red,2MASS J04251550+2829275
142,J04251767+2617504,J042517.49+261748.2,J1-4872 B,66.322903,26.296743,Gaia,M3.7,,,,,,,,,,,,,,,,13.926,0.002,15.754,0.01,12.572,0.004,,2MASS J04251767+2617504
143,J04251767+2617504,,J1-4872 A,66.323764,26.297293,Gaia,M0.6,28.987,0.576,-11.374,0.449,5.983,0.195,,,,,,,,,,12.768,0.004,14.153,0.017,11.598,0.01,blue,2MASS J04251767+2617504
144,J04262939+2624137,J042629.40+262413.6,KPNO 3,66.622511,26.403735,Gaia,M6,10.898,0.364,-17.854,0.289,6.415,0.227,,,,,,,,,,17.601,0.002,19.974,0.097,16.086,0.007,blue,2MASS J04262939+2624137
145,J04263055+2443558,J042630.55+244355.7,,66.627336,24.732082,Gaia,M8.75,2.745,1.566,-22.02,0.992,8.41,0.675,,,,,,,,,,19.812,0.006,20.737,0.283,18.102,0.02,red,2MASS J04263055+2443558
146,J04264449+2756433,J042644.50+275643.1,,66.685442,27.945259,Gaia,M6,8.838,0.313,-25.182,0.231,7.568,0.178,,,,,,,,,,16.569,0.002,19.081,0.031,15.096,0.007,red,2MASS J04264449+2756433
147,J04265352+2606543,,FV Tau A+B,66.72309,26.114984,Gaia,M0,,,,,,,,,,,,,,,,14.267,0.015,16.196,0.031,12.778,0.028,,2MASS J04265352+2606543
148,J04265440+2606510,,FV Tau/c A+B,66.726691,26.114063,Gaia,M2.5,3.984,0.287,-20.4,0.2,7.147,0.135,,,,,,,,,,15.066,0.002,17.456,0.016,13.612,0.007,red,2MASS J04265440+2606510
149,J04265629+2443353,,IRAS 04239+2436,66.734571,24.72648,2MASS,,,,,,,,,,,,,,,,,,,,,,,,2MASS J04265629+2443353
150,J04265732+2606284,,KPNO 13,66.738843,26.107783,Gaia,M5,5.194,0.317,-20.71,0.218,7.498,0.127,,,,,,,,,,15.572,0.002,18.248,0.017,14.082,0.007,red,2MASS J04265732+2606284
151,J04270266+2605304,J042702.63+260530.3,DG Tau B,66.761087,26.091793,2MASS,,,,,,,,,,,,,,,,,,,,,,,,2MASS J04270266+2605304
152,J04270280+2542223,,DF Tau A+B,66.761649,25.706123,Gaia,M2,3.504,0.793,-26.65,0.685,8.041,0.421,12.0,3.0,2,-10.81,3.02,-11.76,0.82,-11.84,0.51,11.031,0.006,12.084,0.031,9.994,0.014,red,2MASS J04270280+2542223
153,J04270469+2606163,,DG Tau,66.769577,26.104373,Gaia,K7,6.156,0.357,-19.297,0.241,8.252,0.146,15.4,0.6,1,-14.92,0.64,-8.6,0.2,-8.71,0.11,12.024,0.013,12.978,0.054,10.863,0.041,red,2MASS J04270469+2606163
154,J04270739+2215037,J042707.39+221503.6,,66.780884,22.250969,Gaia,M6.75,7.239,0.212,-17.219,0.143,6.202,0.107,16.8,0.6,8,-15.74,0.63,-12.22,0.24,-9.44,0.07,16.148,0.001,18.75,0.018,14.684,0.003,blue,2MASS J04270739+2215037
155,J04272467+2624199,J042724.68+262419.8,,66.852891,26.40543,Gaia,M3,11.196,0.169,-18.049,0.131,6.205,0.096,,,,,,,,,,14.81,0.001,16.745,0.007,13.492,0.003,blue,2MASS J04272467+2624199
156,J04272799+2612052,J042727.99+261205.0,KPNO 4,66.866674,26.201315,Gaia,M9.5,1.805,2.433,-23.448,2.328,7.424,1.214,,,,,,,,,,20.575,0.01,21.499,0.046,18.824,0.022,red,2MASS J04272799+2612052
157,J04274538+2357243,J042745.39+235724.3,,66.939169,23.956711,Gaia,M8.25,11.273,1.325,-16.573,0.916,6.243,0.614,,,,,,,,,,19.718,0.004,20.528,0.317,18.02,0.019,blue,2MASS J04274538+2357243
158,J04274951+2738155,J042749.53+273815.3,,66.956317,27.637659,2MASS,M9.5,,,,,,,,,,,,,,,,,,,,,,,2MASS J04274951+2738155
159,J04275730+2619183,J042757.29+261918.4,IRAS 04248+2612,66.988779,26.321751,2MASS,M4.5,,,,,,,,,,,,,,,,,,,,,,,2MASS J04275730+2619183
160,J04281566+2711110,J042815.67+271110.6,,67.065322,27.186285,Gaia,M5.5,8.194,0.286,-26.734,0.172,7.589,0.125,,,,,,,,,,15.567,0.002,17.799,0.017,14.172,0.003,red,2MASS J04281566+2711110
161,,,L1521F-IRS,67.162,26.859611,Spitzer,,,,,,,,,,,,,,,,,,,,,,,,
162,J04284263+2714039,J042842.63+271403.7,,67.177627,27.234393,Gaia,M5.25,8.262,0.27,-25.276,0.178,7.531,0.143,,,,,,,,,,16.216,0.002,18.134,0.016,14.57,0.012,red,2MASS J04284263+2714039
163,,,J04284263+2714039 B,67.177663,27.234219,Gaia,,9.83,0.878,-26.556,0.469,7.506,0.4,,,,,,,,,,17.446,0.013,,,,,red,
164,J04285053+1844361,J042850.54+184436.0,,67.210655,18.743287,Gaia,M7.25,12.085,0.346,-18.572,0.215,7.338,0.179,,,,,,,,,,15.186,0.003,17.726,0.029,13.685,0.005,blue,2MASS J04285053+1844361
165,J04290068+2755033,J042900.68+275503.0,,67.252894,27.917474,Gaia,M8.25,8.648,0.745,-25.258,0.479,6.866,0.351,,,,,,,,,,18.444,0.004,20.811,0.212,16.833,0.014,red,2MASS J04290068+2755033
166,J04290498+2649073,J042904.99+264907.1,IRAS 04260+2642,67.270794,26.818583,Gaia,K5.5,,,,,,,,,,,,,,,,19.282,0.013,20.601,0.089,17.475,0.031,,2MASS J04290498+2649073
167,J04291983+2724153,,HD 28354,67.33267,27.404111,Gaia,B9,7.265,0.174,-25.149,0.133,7.289,0.109,,,,,,,,,,6.518,0.001,6.532,0.003,6.529,0.002,red,2MASS J04291983+2724153
168,J04292071+2633406,,J1-507,67.3363,26.561144,Gaia,M4.2,7.911,0.387,-20.409,0.262,7.737,0.199,,,,,,,,,,13.009,0.003,14.789,0.009,11.738,0.005,red,2MASS J04292071+2633406
169,J04292165+2701259,,IRAS 04263+2654,67.340255,27.023758,Gaia,M5.25,,,,,,,,,,,,,,,,16.082,0.002,19.684,0.053,14.427,0.01,,2MASS J04292165+2701259
170,J04292373+2433002,,GV Tau A+B,67.348922,24.549952,Gaia,K5,8.695,0.853,-25.085,0.672,5.564,0.512,,,,,,,,,,16.006,0.02,17.16,0.023,14.372,0.053,blue,2MASS J04292373+2433002
171,J04292971+2616532,,FW Tau A+B+C,67.373784,26.281326,Gaia,M5.8,,,,,,,,,,,,,,,,13.998,0.001,16.223,0.011,12.594,0.005,,2MASS J04292971+2616532
172,J04293008+2439550,J042930.08+243954.9,IRAS 04264+2433,67.375334,24.665293,2MASS,M1,,,,,,,,,,,,,,,,,,,,,,,2MASS J04293008+2439550
173,J04293209+2430597,J042932.09+243059.6,,67.383731,24.516598,2MASS,,,,,,,,,,,,,,,,,,,,,,,,2MASS J04293209+2430597
174,J04293606+2435556,,XEST 13-010,67.400311,24.598686,Gaia,M3,8.567,0.172,-20.203,0.135,7.727,0.089,,,,,,,,,,14.852,0.016,16.828,0.048,13.496,0.05,red,2MASS J04293606+2435556
175,J04294155+2632582,,DH Tau A+B,67.423167,26.54939,Gaia,M2.3,7.065,0.117,-20.699,0.079,7.388,0.069,16.52,0.04,1,-16.26,0.06,-10.78,0.12,-9.45,0.09,12.496,0.009,13.545,0.037,11.446,0.023,red,2MASS J04294155+2632582
176,J04294247+2632493,,DI Tau A+B,67.427007,26.546886,Gaia,M0.7,6.899,0.113,-21.207,0.074,7.401,0.052,15.1,0.02,1,-14.85,0.04,-11.14,0.09,-9.36,0.09,11.969,0.001,13.11,0.005,10.921,0.004,red,2MASS J04294247+2632493
177,J04294568+2630468,J042945.68+263046.5,KPNO 5,67.440339,26.512843,Gaia,M7.5,6.868,0.386,-20.967,0.252,7.799,0.207,,,,,,,,,,16.884,0.002,19.799,0.037,15.348,0.004,red,2MASS J04294568+2630468
178,J04295156+2606448,,IQ Tau,67.464849,26.112369,Gaia,M1.1,5.954,0.146,-21.008,0.109,7.618,0.062,15.83,0.03,1,-15.27,0.06,-10.31,0.1,-9.78,0.11,13.236,0.042,14.489,0.183,12.04,0.126,red,2MASS J04295156+2606448
179,J04295422+1754041,J042954.22+175403.8,,67.475997,17.901004,Gaia,M4,12.804,0.329,-17.272,0.235,8.203,0.2,,,,,,,,,,16.931,0.023,18.769,0.116,15.525,0.074,blue,2MASS J04295422+1754041
180,J04295950+2433078,,,67.497989,24.552043,Gaia,M5,8.184,0.301,-21.444,0.225,7.626,0.153,19.3,0.8,8,-18.58,0.83,-11.38,0.28,-10.07,0.09,16.64,0.022,19.497,0.077,15.102,0.069,red,2MASS J04295950+2433078
181,J04300357+1813494,,UX Tau B,67.514971,18.230324,Gaia,M2,13.863,0.132,-20.037,0.085,7.301,0.072,18.7,,6,-17.48,0.97,-15.35,0.16,-7.67,0.25,12.643,0.002,13.892,0.008,11.53,0.004,blue,2MASS J04300357+1813494
182,,,UX Tau C,67.516675,18.229577,Gaia,M3,12.333,0.181,-19.873,0.111,6.849,0.104,14.7,,4,-13.45,0.99,-15.73,0.24,-7.07,0.21,14.756,0.003,14.43,0.408,,,blue,
183,J04300399+1813493,,UX Tau A,67.516697,18.230334,Gaia,K0,12.86,0.358,-17.793,0.159,7.147,0.1,15.45,0.02,1,-14.54,0.11,-14.19,0.21,-6.17,0.23,11.291,0.031,11.843,0.125,10.349,0.087,blue,2MASS J04300399+1813493
184,J04300724+2608207,J043007.24+260820.5,KPNO 6,67.530215,26.138988,Gaia,M8.5,2.667,1.193,-21.925,0.86,8.616,0.533,,,,,,,,,,19.592,0.007,20.884,0.09,18.01,0.017,red,2MASS J04300724+2608207
185,J04302365+2359129,J043023.64+235912.8,,67.598571,23.986847,Gaia,M8.25,4.732,2.204,-21.971,1.305,7.669,0.773,,,,,,,,,,19.706,0.006,21.503,0.205,18.069,0.024,red,2MASS J04302365+2359129
186,J04302961+2426450,,FX Tau A,67.623321,24.445811,Gaia,M2.2,,,,,,,16.363,0.013,1,,,,,,,12.937,0.011,14.162,0.022,11.549,0.015,,2MASS J04302961+2426450
187,,,FX Tau B,67.62356,24.445744,Gaia,,,,,,,,17.332,0.015,1,,,,,,,13.679,0.03,,,,,,
188,J04304425+2601244,,DK Tau A,67.684367,26.023445,Gaia,K8.5,6.244,0.104,-21.203,0.079,7.781,0.059,16.29,0.05,1,-15.74,0.07,-10.26,0.09,-9.68,0.08,12.625,0.049,13.508,0.186,11.347,0.133,red,2MASS J04304425+2601244
189,J04304425+2601244,J043044.39+260123.3,DK Tau B,67.685009,26.023123,Gaia,M1.7,8.574,0.208,-21.73,0.158,7.188,0.139,14.7,0.1,1,-14.64,0.14,-12.71,0.28,-8.81,0.17,14.661,0.052,15.374,0.172,13.075,0.163,red,2MASS J04304425+2601244
190,J04305028+2300088,,IRAS 04278+2253 A,67.709545,23.002369,Gaia,G8,11.851,0.326,-15.679,0.238,8.047,0.157,,,,,,,,,,14.995,0.017,17.139,0.036,13.386,0.045,red,2MASS J04305028+2300088
191,,,IRAS 04278+2253 B,67.70993,23.002334,Gaia,K8,10.59,0.742,-13.834,0.826,7.909,0.281,,,,,,,,,,17.096,0.052,,,,,red,
192,J04305137+2442222,,ZZ Tau,67.714145,24.706113,Gaia,M4.3,7.045,0.539,-20.944,0.464,7.45,0.277,,,,,,,,,,12.788,0.001,14.542,0.01,11.505,0.002,red,2MASS J04305137+2442222
193,J04305171+2441475,J043051.72+244147.4,ZZ Tau IRS,67.715554,24.696451,Gaia,M4.5,11.52,1.175,-24.497,0.883,9.513,0.656,,,,,,,,,,17.588,0.02,19.138,0.047,15.973,0.055,red,2MASS J04305171+2441475
194,J04305718+2556394,J043057.20+255639.3,KPNO 7,67.738375,25.944223,Gaia,M8.25,5.424,0.886,-23.019,0.596,8.142,0.46,,,,,,,,,,19.042,0.004,21.414,0.217,17.46,0.017,red,2MASS J04305718+2556394
195,J04311444+2710179,,JH 56,67.810207,27.171526,Gaia,K8,9.172,0.091,-27.575,0.069,7.844,0.044,,,,,,,,,,11.992,0.002,12.925,0.007,11.049,0.004,red,2MASS J04311444+2710179
196,J04311578+1820072,J043115.78+182007.0,MHO 9,67.815825,18.335219,Gaia,M4.25,12.327,0.167,-18.074,0.101,7.032,0.088,16.2,0.8,4,-15.12,0.79,-14.36,0.19,-6.71,0.15,14.456,0.001,16.267,0.006,13.163,0.002,blue,2MASS J04311578+1820072
197,J04311907+2335047,J043119.07+233504.8,,67.829517,23.584595,Gaia,M7.75,8.083,0.748,-16.604,0.515,5.829,0.357,,,,,,,,,,18.367,0.004,21.069,0.2,16.678,0.009,blue,2MASS J04311907+2335047
198,J04312382+2410529,,V927 Tau A+B,67.849258,24.18137,2MASS,M4.5,,,,,,,16.5,0.6,3,,,,,,,,,,,,,,2MASS J04312382+2410529
199,J04312405+1800215,J043124.06+180021.4,MHO 4,67.850288,18.005876,Gaia,M7,10.692,0.256,-19.57,0.162,6.899,0.142,19.1,0.4,4,-17.23,0.45,-14.78,0.31,-9.18,0.08,16.02,0.003,18.89,0.03,14.477,0.007,blue,2MASS J04312405+1800215
200,J04312669+2703188,J043126.70+270318.6,,67.861275,27.055139,Gaia,M7.5,13.988,1.175,-19.891,0.915,6.989,0.888,,,,,,,,,,19.707,0.005,21.683,0.204,18.02,0.02,blue,2MASS J04312669+2703188
201,J04313407+1808049,,L1551/IRS 5,67.891989,18.134695,2MASS,K0,,,,,,,,,,,,,,,,,,,,,,,2MASS J04313407+1808049
202,J04313613+1813432,,LkHa 358,67.900635,18.228583,Gaia,M0.9,11.776,1.07,-17.996,0.569,9.746,0.481,17.9,3.1,3,,,,,,,17.695,0.017,18.823,0.073,16.079,0.044,blue,2MASS J04313613+1813432
203,J04313747+1812244,J043137.47+181224.3,HH 30,67.906133,18.2068,2MASS,M0,,,,,,,,,,,,,,,,,,,,,,,2MASS J04313747+1812244
204,J04313843+1813576,,HL Tau,67.910153,18.232681,2MASS,K4,,,,,,,,,,,,,,,,,,,,,,,2MASS J04313843+1813576
205,J04314007+1813571,,XZ Tau A+B,67.917029,18.232401,Gaia,M2,,,,,,,18.3,0.04,1,,,,,,,12.908,0.005,14.408,0.02,11.635,0.012,,2MASS J04314007+1813571
206,J04314444+1808315,,L1551NE,67.935195,18.142094,2MASS,,,,,,,,,,,,,,,,,,,,,,,,2MASS J04314444+1808315
207,J04314644+2506236,J043146.45+250623.4,,67.943577,25.106437,Gaia,M5.5,9.733,0.324,-26.055,0.183,7.572,0.155,,,,,,,,,,15.835,0.001,18.266,0.019,14.413,0.003,red,2MASS J04314644+2506236
208,J04315056+2424180,,HK Tau A+B,67.960739,24.404839,Gaia,M1,4.464,0.152,-22.961,0.116,7.5,0.092,16.3,,6,-14.95,0.99,-11.33,0.19,-11.51,0.18,14.045,0.01,15.615,0.032,12.778,0.026,red,2MASS J04315056+2424180
209,J04315779+1821380,,V710 Tau A,67.990853,18.360465,Gaia,M3.3,12.101,0.137,-17.661,0.063,6.899,0.061,15.75,0.15,1,-14.71,0.17,-14.36,0.13,-6.47,0.04,13.019,0.005,14.103,0.031,11.852,0.01,blue,2MASS J04315779+1821380
210,J04315779+1821350,,V710 Tau B,67.990887,18.359567,Gaia,M1.7,8.967,0.243,-18.463,0.12,6.996,0.111,17.72,0.09,1,-15.87,0.15,-13.21,0.22,-8.99,0.14,12.998,0.001,14.654,0.004,11.75,0.004,blue,2MASS J04315779+1821350
211,J04315844+2543299,,J1-665,67.993583,25.724914,Gaia,M4.9,7.549,0.183,-21.144,0.134,6.553,0.097,,,,,,,,,,14.043,0.001,16.092,0.008,12.703,0.002,blue,2MASS J04315844+2543299
212,J04315968+1821305,J043159.68+182130.3,LkHa 267,67.99875,18.35836,Gaia,M2.5,10.367,0.346,-17.164,0.167,6.437,0.157,,,,,,,,,,16.977,0.029,18.395,0.085,15.606,0.091,blue,2MASS J04315968+1821305
213,J04320157+1815229,J043201.56+181522.7,,68.006555,18.256378,2MASS,M9.5,,,,,,,,,,,,,,,,,,,,,,,2MASS J04320157+1815229
214,J04320329+2528078,J043203.29+252807.5,,68.013759,25.468731,Gaia,M6.25,8.093,0.23,-22.81,0.18,7.669,0.129,,,,,,,,,,15.676,0.002,18.259,0.013,14.206,0.007,red,2MASS J04320329+2528078
215,J04320926+1757227,,L1551-51,68.038736,17.95622,Gaia,K6,11.837,0.08,-19.495,0.052,6.97,0.046,18.39,0.1,1,-16.79,0.12,-15.13,0.1,-8.25,0.03,11.629,0.002,12.403,0.004,10.791,0.003,blue,2MASS J04320926+1757227
216,J04321456+1820147,,V827 Tau,68.060765,18.337364,Gaia,M2,9.55,0.719,-13.406,0.473,6.143,0.351,17.77,0.05,1,-16.7,0.27,-12.35,0.73,-6.76,0.61,11.932,0.008,13.005,0.036,10.857,0.023,blue,2MASS J04321456+1820147
217,J04321540+2428597,,Haro 6-13,68.064264,24.483125,Gaia,M0,5.017,0.317,-21.378,0.243,7.665,0.188,,,,,,,,,,14.998,0.013,16.974,0.049,13.552,0.035,red,2MASS J04321540+2428597
218,J04321583+1801387,,V826 Tau A+B,68.066052,18.027348,Gaia,K7,11.948,0.091,-19.261,0.053,6.933,0.042,17.47,0.08,9,-15.99,0.1,-15.14,0.09,-7.78,0.04,11.175,0.001,12.057,0.004,10.28,0.003,blue,2MASS J04321583+1801387
219,J04321606+1812464,J043216.07+181246.4,MHO 5,68.066999,18.212809,Gaia,M6,13.081,0.202,-17.566,0.114,6.915,0.095,20.8,0.7,4,-19.62,0.71,-14.65,0.21,-7.64,0.09,15.022,0.004,17.136,0.045,13.585,0.007,blue,2MASS J04321606+1812464
220,J04321786+2422149,J043217.86+242214.9,,68.074497,24.370712,Gaia,M6,6.255,0.302,-22.196,0.233,8.053,0.192,15.6,,10,-14.65,1.02,-10.85,0.31,-9.75,0.14,15.746,0.001,18.5,0.039,14.235,0.003,red,2MASS J04321786+2422149
221,J04321885+2422271,,V928 Tau A+B,68.078683,24.374087,Gaia,M0.8,,,,,,,15.38,0.16,1,,,,,,,12.812,0.002,14.309,0.008,11.603,0.004,,2MASS J04321885+2422271
222,J04322210+1827426,J043222.10+182742.5,MHO 6,68.092181,18.461767,Gaia,M4.75,11.796,0.222,-18.596,0.113,7.046,0.097,13.6,0.7,3,-12.53,0.71,-14.45,0.2,-6.2,0.09,15.287,0.001,17.38,0.007,13.919,0.005,blue,2MASS J04322210+1827426
223,J04322329+2403013,J043223.30+240301.2,,68.097162,24.050311,Gaia,M7.75,7.361,0.302,-22.425,0.243,7.678,0.165,,,,,,,,,,16.78,0.003,19.63,0.035,15.197,0.014,red,2MASS J04322329+2403013
224,J04322415+2251083,J043224.15+225108.3,,68.100705,22.852235,Gaia,M4.5,9.994,0.196,-17.425,0.153,6.436,0.121,,,,,,,,,,15.246,0.002,17.362,0.017,13.87,0.004,blue,2MASS J04322415+2251083
225,J04322627+1827521,J043226.27+182752.1,MHO 7,68.109542,18.464412,Gaia,M5.25,11.206,0.218,-17.254,0.108,6.754,0.101,16.9,0.8,3,-15.7,0.81,-14.03,0.21,-7.12,0.12,14.652,0.001,16.765,0.007,13.284,0.004,blue,2MASS J04322627+1827521
226,J04323028+1731303,,GG Tau Ba,68.126212,17.525037,Gaia,M5.5,12.675,0.185,-20.399,0.113,6.664,0.098,16.8,0.7,4,-15.17,0.71,-16.85,0.25,-7.75,0.1,14.955,0.001,17.168,0.016,13.479,0.01,blue,2MASS J04323028+1731303
227,,,GG Tau Bb,68.12651,17.52475,Gaia,M7.5,13.525,0.355,-19.557,0.266,7.2,0.239,17.1,1.0,4,-15.77,1.04,-15.5,0.53,-6.97,0.08,17.063,0.003,,,,,blue,
228,J04323034+1731406,,GG Tau Aa+Ab,68.126513,17.527839,Gaia,K7.5,,,,,,,18.08,0.03,1,,,,,,,11.199,0.003,12.238,0.006,10.191,0.006,blue,2MASS J04323034+1731406
229,J04323058+2419572,,FY Tau,68.127442,24.332507,Gaia,M0.1,6.651,0.135,-21.855,0.116,7.68,0.071,,,,,,,,,,13.774,0.002,15.418,0.012,12.498,0.008,red,2MASS J04323058+2419572
230,J04323176+2420029,,FZ Tau,68.132379,24.33409,Gaia,M0.5,7.121,0.143,-21.497,0.106,7.691,0.075,,,,,,,,,,13.768,0.008,15.318,0.036,12.479,0.022,red,2MASS J04323176+2420029
231,J04323205+2257266,J043232.05+225726.6,IRAS 04295+2251,68.133562,22.957409,2MASS,K7,,,,,,,,,,,,,,,,,,,,,,,2MASS J04323205+2257266
232,J04324107+1809239,J043241.07+180923.9,RX J0432.7+1809,68.171214,18.15657,Gaia,M5,12.503,0.152,-19.279,0.089,6.895,0.075,,,,,,,,,,14.697,0.001,16.582,0.006,13.388,0.004,blue,2MASS J04324107+1809239
233,J04324282+2552314,,UZ Tau Ba+Bb,68.178393,25.875256,Gaia,M2,,,,,,,,,,,,,,,,12.391,0.004,13.68,0.014,11.173,0.005,,2MASS J04324282+2552314
234,J04324303+2552311,,UZ Tau A,68.179493,25.875187,Gaia,M1.9,3.403,0.174,-22.589,0.122,7.622,0.092,18.03,0.08,1,-16.85,0.11,-10.01,0.15,-11.95,0.14,12.307,0.019,13.45,0.096,11.232,0.034,red,2MASS J04324303+2552311
235,J04324373+1802563,,L1551-55,68.182289,18.048896,Gaia,K6,12.264,0.096,-18.469,0.053,6.626,0.048,18.264,0.013,1,-16.9,0.04,-15.55,0.12,-7.59,0.07,12.421,0.002,13.363,0.007,11.469,0.005,blue,2MASS J04324373+1802563
236,J04324911+2253027,,JH 112 A,68.204689,22.884056,Gaia,K5.5,7.429,0.153,-15.794,0.116,6.078,0.079,,,,,,,,,,14.097,0.013,15.67,0.046,12.821,0.033,blue,2MASS J04324911+2253027
237,J04324938+2253082,,JH 112 B,68.205793,22.885534,Gaia,M4.5,10.877,0.517,-18.007,0.395,6.064,0.272,,,,,,,,,,15.785,0.005,18.42,0.018,14.239,0.013,blue,2MASS J04324938+2253082
238,J04325026+2422115,J043250.28+242211.4,,68.209477,24.3698,Gaia,M7.5,7.042,4.285,-25.073,3.452,11.856,2.407,,,,,,,,,,20.723,0.01,21.481,0.272,18.748,0.044,red,2MASS J04325026+2422115
239,J04325119+1730092,J043251.20+173009.0,LH 0429+17,68.213396,17.502473,Gaia,M8.25,11.665,0.819,-20.388,0.568,7.171,0.489,,,,,,,,,,19.432,0.008,21.5,0.183,17.779,0.017,blue,2MASS J04325119+1730092
240,J04325323+1735337,,RX J0432.8+1735,68.22187,17.592593,Gaia,M2,11.949,0.082,-20.055,0.052,6.812,0.039,18.039,0.015,1,-16.28,0.04,-15.97,0.09,-8.32,0.06,12.702,0.003,13.944,0.012,11.604,0.007,blue,2MASS J04325323+1735337
241,J04330197+2421000,,MHO 8,68.258248,24.349932,Gaia,M6,6.369,0.39,-20.474,0.289,7.798,0.222,15.9,0.9,3,-15.06,0.94,-10.5,0.36,-9.26,0.15,15.147,0.001,18.091,0.017,13.625,0.004,red,2MASS J04330197+2421000
242,J04330622+2409339,,GH Tau A+B,68.275909,24.159341,Gaia,M2,,,,,,,16.7,0.1,1,,,,,,,11.835,0.006,13.193,0.08,10.806,0.062,,2MASS J04330622+2409339
243,J04330664+2409549,,V807 Tau A+B,68.277672,24.165203,Gaia,K7,9.559,1.235,-20.23,0.989,8.834,0.659,16.85,0.03,1,-16.42,0.27,-10.01,0.9,-7.62,0.84,10.749,0.004,11.726,0.014,9.761,0.01,red,2MASS J04330664+2409549
244,J04330781+2616066,J043307.81+261606.4,KPNO 14,68.282579,26.268415,Gaia,M6,7.168,0.504,-17.312,0.316,6.568,0.212,,,,,,,,,,16.798,0.005,,,,,blue,2MASS J04330781+2616066
245,J04330945+2246487,J043309.45+224648.5,,68.289479,22.780101,Gaia,M6,10.667,0.785,-16.762,0.596,6.712,0.425,,,,,,,,,,18.022,0.006,20.969,0.157,16.364,0.02,blue,2MASS J04330945+2246487
246,J04331003+2433433,,V830 Tau,68.291826,24.561924,Gaia,K7.5,7.247,0.112,-21.23,0.074,7.657,0.041,18.2,0.2,1,-17.41,0.21,-11.15,0.07,-9.83,0.04,11.693,0.002,12.595,0.01,10.756,0.007,red,2MASS J04331003+2433433
247,J04331435+2614235,J043314.36+261423.3,IRAS 04301+2608,68.309877,26.239777,Gaia,M0,8.934,1.995,-19.171,1.194,4.42,0.857,,,,,,,,,,19.416,0.007,21.46,0.332,17.647,0.027,blue,2MASS J04331435+2614235
248,J04331650+2253204,J043316.55+225320.0,IRAS 04302+2247,68.318754,22.889,2MASS,,,,,,,,,,,,,,,,,,,,,,,,2MASS J04331650+2253204
249,J04331907+2246342,,IRAS 04303+2240,68.329529,22.776076,Gaia,M0.5,10.941,0.462,-20.154,0.345,6.772,0.282,,,,,,,,,,16.093,0.056,18.084,0.171,14.658,0.172,blue,2MASS J04331907+2246342
250,J04332621+2245293,,XEST 17-036,68.359288,22.758056,Gaia,M4,8.615,0.268,-16.75,0.201,6.283,0.163,,,,,,,,,,16.508,0.002,19.439,0.043,14.952,0.006,blue,2MASS J04332621+2245293
251,J04332789+1758436,J043327.89+175843.7,,68.366302,17.978753,Gaia,M:,10.473,0.643,-19.371,0.361,8.04,0.287,,,,,,,,,,18.541,0.021,19.421,0.097,17.063,0.084,blue,2MASS J04332789+1758436
252,J04333278+1800436,,,68.386759,18.012034,Gaia,M1,13.569,0.13,-18.046,0.064,6.793,0.058,,,,,,,,,,13.532,0.003,14.867,0.02,12.366,0.008,blue,2MASS J04333278+1800436
253,J04333297+1801004,,HD 28867 B,68.386868,18.016738,Gaia,B9.5,12.434,0.173,-19.565,0.091,6.667,0.081,,,,,,,,,,6.987,0.001,7.019,0.001,6.942,0.003,blue,2MASS J04333297+1801004
254,J04333297+1801004,,HD 28867 A+C,68.387758,18.016638,Gaia,B9,8.012,0.206,-19.606,0.104,6.419,0.082,,,,,,,,,,6.868,0.001,6.966,0.002,6.705,0.002,blue,2MASS J04333297+1801004
255,J04333405+2421170,,GI Tau,68.391948,24.354652,Gaia,M0.4,5.883,0.108,-20.551,0.076,7.663,0.046,17.29,0.04,1,-16.3,0.06,-10.46,0.07,-9.93,0.07,12.699,0.036,13.944,0.156,11.537,0.095,red,2MASS J04333405+2421170
256,J04333456+2421058,,GK Tau,68.394048,24.351538,Gaia,K6.5,7.753,0.095,-20.483,0.07,7.736,0.043,18.6,1.4,6,-17.87,1.36,-10.9,0.15,-9.37,0.31,11.877,0.014,12.922,0.054,10.817,0.037,red,2MASS J04333456+2421058
257,J04333678+2609492,,IS Tau A+B,68.403349,26.163556,Gaia,M0,8.158,0.527,-17.37,0.337,7.496,0.279,,,,,,,,,,13.616,0.01,15.299,0.044,12.33,0.022,red,2MASS J04333678+2609492
258,J04333905+2227207,J043339.06+222720.6,,68.412821,22.455682,Gaia,M1.75,,,,,,,,,,,,,,,,17.173,0.012,17.98,0.027,15.448,0.016,,2MASS J04333905+2227207
259,J04333906+2520382,,DL Tau,68.412864,25.343837,Gaia,K5.5,9.329,0.087,-18.29,0.065,6.276,0.048,13.94,0.14,1,-14.16,0.16,-13.55,0.12,-7.12,0.05,12.143,0.013,13.021,0.051,11.106,0.033,blue,2MASS J04333906+2520382
260,,,HN Tau B,68.41347,17.863778,Gaia,M4.8,8.554,0.28,-17.395,0.154,6.692,0.127,,,,,,,,,,16.266,0.004,17.847,0.063,14.825,0.011,blue,
261,J04333935+1751523,,HN Tau A,68.414065,17.864448,Gaia,K5,13.163,0.348,-18.613,0.198,7.322,0.158,,,,,,,,,,13.431,0.018,14.147,0.055,12.525,0.058,blue,2MASS J04333935+1751523
262,J04334171+1750402,J043341.73+175040.0,,68.423921,17.844398,Gaia,M4,12.727,0.168,-19.776,0.088,6.834,0.072,,,,,,,,,,14.617,0.001,16.529,0.008,13.296,0.004,blue,2MASS J04334171+1750402
263,J04334291+2526470,J043342.92+252646.7,,68.428869,25.446247,Gaia,M8.75,5.13,1.121,-22.775,0.814,7.625,0.598,,,,,,,,,,19.64,0.005,21.416,0.253,17.927,0.021,red,2MASS J04334291+2526470
264,J04334465+2615005,,,68.436116,26.250045,Gaia,M5,6.506,0.398,-17.315,0.243,5.772,0.192,,,,,,,,,,16.498,0.007,,,,,blue,2MASS J04334465+2615005
265,J04334871+1810099,,DM Tau,68.45311,18.169358,Gaia,M3,11.788,0.123,-18.361,0.059,6.89,0.051,18.607,0.011,1,-17.19,0.04,-14.71,0.11,-7.74,0.08,13.098,0.003,14.058,0.021,12.048,0.006,blue,2MASS J04334871+1810099
266,J04335200+2250301,,CI Tau,68.466768,22.841619,Gaia,K5.5,8.904,0.101,-17.067,0.075,6.301,0.047,16.4,1.3,6,-15.89,1.27,-12.93,0.14,-7.68,0.28,12.145,0.012,13.16,0.05,11.051,0.033,blue,2MASS J04335200+2250301
267,J04335245+2612548,J043352.46+261254.7,,68.468622,26.21514,Gaia,M8.25,,,,,,,,,,,,,,,,21.055,0.024,,,,,,2MASS J04335245+2612548
268,J04335252+2256269,,XEST 17-059,68.468844,22.940807,2MASS,M5.75,,,,,,,,,,,,,,,,,,,,,,,2MASS J04335252+2256269
269,,J043354.07+225119.1,,68.475301,22.855329,UKIDSS,L0.5,,,,,,,,,,,,,,,,,,,,,,,
270,J04335470+2613275,J043354.58+261325.7,IT Tau B,68.477475,26.223751,Gaia,M2.9,7.678,0.335,-18.564,0.204,5.428,0.154,,,,,,,,,,15.469,0.005,17.177,0.034,13.932,0.02,blue,2MASS J04335470+2613275
271,J04335470+2613275,,IT Tau A,68.478011,26.224227,Gaia,K5,9.465,0.171,-17.466,0.103,6.173,0.075,,,,,,,,,,13.215,0.006,14.71,0.028,11.98,0.019,blue,2MASS J04335470+2613275
272,J04335546+1838390,,J2-2041,68.481111,18.644184,2MASS,M3.7,,,,,,,,,,,,,,,,,,,,,,,2MASS J04335546+1838390
273,J04340619+2418508,J043406.20+241850.8,,68.52584,24.314014,Gaia,M8,6.38,0.663,-20.905,0.466,7.554,0.309,,,,,,,,,,18.508,0.003,20.85,0.15,16.889,0.009,red,2MASS J04340619+2418508
274,J04341099+2251445,,JH 108,68.545851,22.862258,Gaia,M1.5,8.903,0.123,-17.267,0.094,6.182,0.064,,,,,,,,,,13.917,0.007,15.456,0.029,12.699,0.02,blue,2MASS J04341099+2251445
275,J04341527+2250309,J043415.28+225030.8,CFHT 1,68.563703,22.841815,Gaia,M6,10.082,0.944,-17.498,0.741,5.815,0.552,,,,,,,,,,19.145,0.006,21.328,0.193,17.363,0.016,blue,2MASS J04341527+2250309
276,J04343128+1722201,J043431.28+172220.0,,68.630423,17.37217,Gaia,M4.25,12.135,0.143,-19.784,0.094,6.785,0.072,,,,,,,,,,14.475,0.003,16.039,0.029,13.196,0.007,blue,2MASS J04343128+1722201
277,J04344544+2308027,J043445.45+230802.6,,68.689406,23.134001,Gaia,M5.25,10.958,0.402,-17.55,0.236,5.981,0.185,,,,,,,,,,16.803,0.001,19.381,0.05,15.319,0.004,blue,2MASS J04344544+2308027
278,J04345542+2428531,,AA Tau,68.730943,24.481309,Gaia,M0.6,3.483,0.354,-20.987,0.192,7.289,0.13,16.98,0.04,1,-15.6,0.11,-10.4,0.22,-11.33,0.26,14.486,0.065,15.9,0.182,13.146,0.197,red,2MASS J04345542+2428531
279,J04345693+2258358,,XEST 08-003,68.737269,22.97652,Gaia,M1.5,11.705,0.105,-16.411,0.063,6.147,0.061,16.2,1.5,11,-16.38,1.46,-14.27,0.18,-5.69,0.33,13.428,0.003,14.719,0.012,12.288,0.009,blue,2MASS J04345693+2258358
280,J04350850+2311398,J043508.51+231139.7,,68.785511,23.194324,Gaia,M6,7.236,0.352,-20.977,0.174,7.694,0.138,,,,,,,,,,16.369,0.002,18.938,0.014,14.894,0.006,red,2MASS J04350850+2311398
281,J04351316+1725496,J043513.17+172549.6,,68.804931,17.430412,Gaia,M4.5,11.307,0.144,-18.033,0.084,6.507,0.072,,,,,,,,,,14.249,0.001,16.024,0.005,12.962,0.002,blue,2MASS J04351316+1725496
282,J04352020+2232146,,HO Tau,68.834256,22.537305,Gaia,M3.2,9.832,0.092,-16.63,0.061,6.196,0.048,,,,,,,,,,13.927,0.01,15.067,0.06,12.865,0.038,blue,2MASS J04352020+2232146
283,J04352089+2254242,,FF Tau A+B,68.837149,22.906649,Gaia,K8,9.723,0.137,-19.245,0.079,6.179,0.065,14.165,0.015,1,-13.74,0.05,-15.12,0.17,-7.54,0.12,12.804,0.001,14.142,0.006,11.661,0.003,blue,2MASS J04352089+2254242
284,J04352450+1751429,,HBC 412 A+B,68.852099,17.861804,Gaia,M2.6,,,,,,,18.587,0.012,1,,,,,,,12.986,0.003,14.334,0.006,11.804,0.007,,2MASS J04352450+1751429
285,J04352737+2414589,,DN Tau,68.864102,24.249607,Gaia,M0.3,6.055,0.131,-20.771,0.087,7.799,0.054,16.3,0.02,1,-15.37,0.04,-10.63,0.08,-9.46,0.09,11.481,0.008,12.372,0.03,10.536,0.022,red,2MASS J04352737+2414589
286,J04353536+2408266,J043535.30+240827.2,IRAS 04325+2402 C,68.897341,24.14073,2MASS,,,,,,,,,,,,,,,,,,,,,,,,2MASS J04353536+2408266
287,J04353539+2408194,J043535.39+240819.5,IRAS 04325+2402 A+B,68.897465,24.138729,2MASS,,,,,,,,,,,,,,,,,,,,,,,,2MASS J04353539+2408194
288,J04354093+2411087,,CoKu Tau 3 A,68.920653,24.185711,Gaia,M0.5,5.903,0.265,-21.527,0.187,7.986,0.145,,,,,,,,,,15.628,0.008,17.744,0.046,14.158,0.022,red,2MASS J04354093+2411087
289,,,CoKu Tau 3 B,68.920712,24.185127,Gaia,M4.3,4.942,0.502,-21.696,0.346,8.264,0.263,,,,,,,,,,17.521,0.007,,,,,red,
290,J04354183+2234115,J043541.84+223411.4,KPNO 8,68.92438,22.56981,Gaia,M5.75,10.962,0.292,-17.962,0.185,6.525,0.16,,,,,,,,,,16.917,0.002,19.45,0.041,15.435,0.007,blue,2MASS J04354183+2234115
291,J04354203+2252226,,XEST 08-033,68.925196,22.872876,Gaia,M4.75,10.02,0.335,-16.77,0.179,6.17,0.133,,,,,,,,,,15.338,0.002,17.926,0.02,13.867,0.008,blue,2MASS J04354203+2252226
292,J04354526+2737130,J043545.27+273713.0,,68.938712,27.6202,Gaia,M9.25,14.201,1.472,-25.788,1.129,8.835,1.08,,,,,,,,,,20.029,0.006,21.288,0.258,18.339,0.033,red,2MASS J04354526+2737130
293,J04354733+2250216,,HQ Tau,68.947283,22.839276,Gaia,K2,13.52,0.457,-15.901,0.312,6.304,0.213,16.65,0.11,1,-17.15,0.23,-14.47,0.53,-4.49,0.37,12.095,0.051,13.391,0.218,10.8,0.13,blue,2MASS J04354733+2250216
294,J04354778+2523436,,,68.949175,25.395352,Gaia,M4.5,8.267,0.474,-21.161,0.318,7.694,0.215,,,,,,,,,,13.665,0.001,15.625,0.004,12.333,0.002,red,2MASS J04354778+2523436
295,J04355109+2252401,J043551.10+225239.8,KPNO 15,68.962934,22.877674,Gaia,M2.75,6.316,0.196,-28.151,0.106,6.161,0.075,,,,,,,,,,14.736,0.002,16.532,0.015,13.442,0.006,blue,2MASS J04355109+2252401
296,J04355143+2249119,J043551.43+224911.8,KPNO 9,68.964334,22.819894,Gaia,M8.5,10.976,3.697,-16.057,1.628,6.176,1.391,,,,,,,,,,20.599,0.01,21.437,0.239,18.756,0.035,blue,2MASS J04355143+2249119
297,J04355209+2255039,,XEST 08-047,68.967097,22.917743,Gaia,M4.5,8.776,0.339,-8.093,0.18,6.281,0.113,,,,,,,,,,15.495,0.002,17.88,0.026,14.021,0.004,blue,2MASS J04355209+2255039
298,J04355277+2254231,,HP Tau,68.969967,22.906373,Gaia,K4,8.822,0.246,-13.95,0.143,5.645,0.107,17.7,1.8,6,-17.48,1.79,-12.48,0.28,-6.66,0.28,13.051,0.004,14.378,0.015,11.831,0.008,blue,2MASS J04355277+2254231
299,J04355286+2250585,,XEST 08-049,68.970333,22.849515,Gaia,M4.25,10.95,0.192,-16.53,0.117,6.389,0.092,,,,,,,,,,14.741,0.002,16.973,0.011,13.344,0.003,blue,2MASS J04355286+2250585
300,J04355349+2254089,,HP Tau/G3,68.972966,22.902421,Gaia,M0.6,11.375,0.33,-18.477,0.167,6.363,0.085,,,,,,,,,,13.343,0.002,14.857,0.009,12.126,0.007,blue,2MASS J04355349+2254089
301,J04355415+2254134,,HP Tau/G2,68.975703,22.90368,Gaia,G2,11.873,0.138,-9.985,0.08,6.026,0.048,16.6,1.0,1,-17.39,0.99,-10.74,0.11,-2.56,0.16,10.51,0.001,11.449,0.005,9.575,0.003,blue,2MASS J04355415+2254134
302,J04355683+2352049,,RX J0435.9+2352,68.986852,23.867978,Gaia,M2,7.188,0.385,-21.045,0.262,7.924,0.182,16.605,0.011,1,-15.74,0.09,-11.08,0.29,-9.07,0.28,12.445,0.001,13.752,0.008,11.31,0.004,red,2MASS J04355683+2352049
303,J04355684+2254360,,Haro 6-28 A+B,68.986939,22.909952,Gaia,M2,,,,,,,16.8,0.9,3,,,,,,,14.875,0.01,16.62,0.036,13.462,0.02,,2MASS J04355684+2254360
304,J04355760+2253574,J043557.61+225357.3,,68.990101,22.899213,Gaia,M4.5,,,,,,,,,,,,,,,,19.908,0.013,21.049,0.155,17.677,0.014,,2MASS J04355760+2253574
305,J04355881+2438404,,,68.995122,24.644507,Gaia,M3,10.201,0.149,-15.047,0.11,6.101,0.068,,,,,,,,,,14.098,0.002,15.756,0.009,12.847,0.005,blue,2MASS J04355881+2438404
306,J04355892+2238353,,XEST 09-042,68.995597,22.643058,Gaia,K8,10.809,0.094,-15.773,0.053,6.292,0.044,16.7,1.0,11,-16.63,0.98,-13.21,0.11,-5.96,0.2,11.806,0.003,12.855,0.014,10.806,0.009,blue,2MASS J04355892+2238353
307,J04355949+2238291,J043559.50+223829.0,,68.997976,22.641347,Gaia,M1,11.847,0.4,-16.94,0.234,7.126,0.214,,,,,,,,,,18.12,0.011,19.417,0.065,16.797,0.056,blue,2MASS J04355949+2238291
308,J04360131+1726120,,,69.005528,17.436612,Gaia,M3,12.519,0.123,-18.624,0.065,6.867,0.066,,,,,,,,,,14.444,0.024,15.752,0.094,13.277,0.061,blue,2MASS J04360131+1726120
309,J04360678+2425500,J043606.78+242549.7,,69.02829,24.430578,2MASS,M9.5,,,,,,,,,,,,,,,,,,,,,,,2MASS J04360678+2425500
310,J04361030+2159364,J043610.31+215936.4,,69.04298,21.993364,Gaia,M8.5,9.699,1.095,-23.523,0.71,8.457,0.595,,,,,,,,,,19.674,0.008,21.497,0.256,17.981,0.023,red,2MASS J04361030+2159364
311,J04361038+2259560,J043610.38+225955.8,CFHT 2,69.043317,22.998821,Gaia,M7.5,10.807,1.58,-15.959,0.786,5.84,0.481,,,,,,,,,,18.788,0.004,20.842,0.202,17.067,0.012,blue,2MASS J04361038+2259560
312,J04361909+2542589,,LkCa 14,69.079632,25.716271,Gaia,K5,8.912,0.194,-27.474,0.116,7.811,0.083,16.65,0.04,1,-16.21,0.07,-14.5,0.17,-10.56,0.14,11.225,0.003,11.978,0.006,10.43,0.005,red,2MASS J04361909+2542589
313,J04363248+2421395,J043632.50+242139.5,,69.135439,24.360956,Gaia,M8,8.907,0.381,-14.472,0.248,6.294,0.191,,,,,,,,,,16.087,0.002,19.043,0.031,14.515,0.008,blue,2MASS J04363248+2421395
314,J04363893+2258119,J043638.93+225811.7,CFHT 3,69.162248,22.969888,Gaia,M7.75,9.548,0.731,-15.974,0.372,5.438,0.333,,,,,,,,,,18.449,0.003,21.323,0.21,16.759,0.009,blue,2MASS J04363893+2258119
315,J04372171+2651014,J043721.72+265101.2,,69.340553,26.8503,Gaia,M4,8.634,0.182,-26.989,0.11,7.755,0.071,,,,,,,,,,14.337,0.001,15.972,0.006,13.098,0.002,red,2MASS J04372171+2651014
316,J04373705+2331080,J043737.07+233107.4,,69.404377,23.518908,2MASS,L0,,,,,,,,,,,,,,,,,,,,,,,2MASS J04373705+2331080
317,J04380083+2558572,J043800.85+255857.0,ITG 2,69.503638,25.982479,Gaia,M7.25,4.902,0.311,-22.632,0.245,6.873,0.174,,,,,,,,,,16.239,0.004,,,,,red,2MASS J04380083+2558572
318,J04381486+2611399,J043814.85+261139.6,,69.562033,26.194337,Gaia,M7.25,4.014,1.365,-23.168,1.007,6.877,0.694,,,,,,,,,,19.766,0.006,21.567,0.325,17.976,0.02,red,2MASS J04381486+2611399
319,J04381630+2326402,J043816.30+232640.2,,69.567936,23.444419,Gaia,M4.75,7.849,0.194,-21.799,0.119,7.94,0.105,17.3,0.6,8,-16.37,0.61,-11.82,0.17,-9.1,0.07,15.243,0.001,17.263,0.01,13.886,0.003,red,2MASS J04381630+2326402
320,J04382134+2609137,J043821.34+260913.5,GM Tau,69.588939,26.15373,Gaia,M5,5.469,0.27,-22.974,0.215,7.23,0.149,15.3,1.8,4,-14.7,1.79,-12.26,0.35,-10.37,0.25,16.433,0.04,18.367,0.118,14.932,0.117,red,2MASS J04382134+2609137
321,J04382858+2610494,,DO Tau,69.619147,26.180317,Gaia,M0.3,6.128,0.126,-21.34,0.091,7.175,0.052,16.04,0.17,1,-15.6,0.19,-11.72,0.1,-9.59,0.07,12.395,0.019,13.324,0.096,11.276,0.054,red,2MASS J04382858+2610494
322,J04383528+2610386,,HV Tau A+B,69.647067,26.177308,Gaia,M4.1,4.888,0.232,-21.783,0.171,7.465,0.115,,,,,,,,,,12.956,0.003,14.939,0.013,11.614,0.006,red,2MASS J04383528+2610386
323,,J043835.49+261041.3,HV Tau C,69.647967,26.178148,Gaia,K6,,,,,,,,,,,,,,,,17.267,0.014,17.622,0.026,15.542,0.025,,
324,J04383907+1546137,,HD 285957,69.66286,15.770351,Gaia,K1,12.924,0.096,-19.961,0.04,7.185,0.056,17.991,0.015,1,-15.89,0.04,-16.21,0.12,-7.38,0.06,10.508,0.001,11.07,0.003,9.824,0.002,blue,2MASS J04383907+1546137
325,J04384502+1737433,J043845.02+173743.3,,69.68765,17.628648,Gaia,M4.25,11.613,0.1,-18.624,0.06,6.754,0.051,,,,,,,,,,14.791,0.004,16.235,0.038,13.565,0.009,blue,2MASS J04384502+1737433
326,J04384725+1737260,J043847.26+173726.0,,69.696962,17.623826,Gaia,M5.5,11.289,0.176,-18.369,0.113,6.864,0.091,,,,,,,,,,16.247,0.003,18.02,0.041,14.904,0.01,blue,2MASS J04384725+1737260
327,J04385859+2336351,J043858.60+233635.0,,69.744214,23.609673,Gaia,M4.25,8.642,0.254,-21.198,0.148,7.886,0.119,16.7,0.6,8,-16.0,0.62,-11.96,0.2,-8.32,0.06,15.687,0.002,17.92,0.012,14.259,0.003,red,2MASS J04385859+2336351
328,J04385871+2323595,J043858.72+232359.4,,69.74468,23.399762,Gaia,M6.5,7.156,0.267,-21.448,0.168,7.728,0.151,15.4,0.7,8,-14.45,0.72,-11.93,0.26,-8.86,0.09,16.286,0.003,18.73,0.027,14.827,0.007,red,2MASS J04385871+2323595
329,J04390163+2336029,J043901.63+233602.8,,69.756846,23.600728,Gaia,M4.9,8.567,0.174,-21.851,0.103,7.824,0.08,16.6,0.5,8,-15.85,0.51,-12.36,0.14,-8.6,0.04,14.35,0.001,16.156,0.017,13.053,0.004,red,2MASS J04390163+2336029
330,J04390396+2544264,J043903.96+254426.2,,69.766535,25.740561,Gaia,M7.25,7.037,0.362,-20.606,0.249,6.945,0.211,,,,,,,,,,17.27,0.005,20.523,0.121,15.658,0.017,red,2MASS J04390396+2544264
331,J04390453+2333199,,,69.76897,23.555432,Gaia,M5,,,,,,,,,,,,,,,,13.783,0.002,15.647,0.01,12.462,0.002,,2MASS J04390453+2333199
332,J04390525+2337450,J043905.25+233744.8,,69.77193,23.629097,Gaia,K5,,,,,,,,,,,,,,,,15.319,0.025,15.896,0.074,14.353,0.067,,2MASS J04390525+2337450
333,J04390637+2334179,J043906.38+233417.8,,69.776616,23.571552,Gaia,M7.5,8.176,0.365,-21.82,0.207,8.056,0.164,16.4,0.5,8,-15.59,0.55,-11.84,0.27,-8.58,0.14,15.855,0.002,18.352,0.026,14.394,0.005,red,2MASS J04390637+2334179
334,J04391389+2553208,J043913.89+255320.6,IRAS 04361+2547,69.807887,25.889133,2MASS,,,,,,,,,,,,,,,,,,,,,,,,2MASS J04391389+2553208
335,J04391741+2247533,,VY Tau A+B,69.822628,22.798073,Gaia,M2,8.91,0.228,-19.195,0.15,6.566,0.116,17.716,0.016,1,-16.95,0.07,-13.75,0.27,-8.43,0.2,12.894,0.004,14.006,0.008,11.713,0.006,blue,2MASS J04391741+2247533
336,J04391779+2221034,,LkCa 15,69.824179,22.350866,Gaia,K5.5,10.471,0.127,-17.383,0.06,6.295,0.048,17.65,0.03,1,-17.23,0.06,-14.16,0.12,-6.91,0.09,11.589,0.008,12.344,0.023,10.694,0.017,blue,2MASS J04391779+2221034
337,J04392090+2545021,,GN Tau A,69.837142,25.750509,Gaia,M2.5,,,,,,,16.7,1.3,4,,,,,,,14.562,0.043,16.23,0.119,13.066,0.123,,2MASS J04392090+2545021
338,,,GN Tau B,69.837255,25.750445,Gaia,,,,,,,,,,,,,,,,,14.185,0.02,15.922,0.045,12.726,0.041,,
339,J04393364+2359212,J043933.65+235921.0,,69.890205,23.989137,Gaia,M5,7.279,0.209,-20.993,0.114,7.867,0.102,,,,,,,,,,15.025,0.01,17.024,0.042,13.712,0.034,red,2MASS J04393364+2359212
340,J04393519+2541447,J043935.18+254144.5,IRAS 04365+2535,69.89664,25.695757,2MASS,,,,,,,,,,,,,,,,,,,,,,,,2MASS J04393519+2541447
341,J04394488+2601527,,ITG 15,69.937038,26.031213,Gaia,M5,7.459,0.222,-22.107,0.144,7.307,0.111,,,,,,,,,,14.998,0.004,17.814,0.026,13.48,0.01,red,2MASS J04394488+2601527
342,J04394748+2601407,J043947.48+260140.4,CFHT 4,69.947874,26.027876,Gaia,M7,6.628,0.483,-21.865,0.309,6.797,0.237,,,,,,,,,,17.78,0.006,20.88,0.306,16.009,0.034,red,2MASS J04394748+2601407
343,,,IRAS 04368+2557,69.974167,26.052917,Spitzer,,,,,,,,,,,,,,,,,,,,,,,,
344,J04395574+2545020,,IC 2087 IR,69.982301,25.750452,Gaia,K:,6.192,0.413,-20.343,0.273,6.699,0.239,,,,,,,,,,17.381,0.008,20.802,0.078,15.641,0.023,red,2MASS J04395574+2545020
345,J04400067+2358211,J044000.67+235820.8,,70.002836,23.972434,Gaia,M6,8.62,0.309,-20.736,0.162,8.299,0.159,,,,,,,,,,16.341,0.003,18.676,0.026,14.87,0.008,red,2MASS J04400067+2358211
346,J04400174+2556292,J044001.74+255629.0,,70.007363,25.941409,Gaia,M5.5,,,,,,,,,,,,,,,,19.608,0.019,,,,,,2MASS J04400174+2556292
347,J04400800+2605253,,IRAS 04370+2559,70.033379,26.090309,Gaia,,5.727,0.884,-20.132,0.545,7.336,0.442,,,,,,,,,,18.712,0.01,20.614,0.366,16.986,0.038,red,2MASS J04400800+2605253
348,J04401447+2729112,J044014.49+272910.9,,70.060409,27.48635,Gaia,M7.25,10.266,1.007,-27.402,0.604,7.362,0.387,,,,,,,,,,18.738,0.005,,,,,red,2MASS J04401447+2729112
349,J04403979+2519061,J044039.79+251906.0,,70.165808,25.318291,Gaia,M5.25,6.351,0.803,-20.568,0.515,6.57,0.476,,,,,,,,,,16.504,0.002,19.505,0.067,14.882,0.008,red,2MASS J04403979+2519061
350,,,JH 223 B,70.206108,25.855751,Gaia,,4.425,0.279,-19.43,0.168,7.111,0.135,,,,,,,,,,16.899,0.003,,,,,red,
351,J04404950+2551191,,JH 223 A,70.206316,25.855184,Gaia,M2.8,4.382,0.116,-19.63,0.068,7.146,0.055,,,,,,,,,,14.139,0.008,15.761,0.03,12.876,0.029,red,2MASS J04404950+2551191
352,J04410424+2557561,,Haro 6-32,70.267724,25.965477,Gaia,M5,,,,,,,,,,,,,,,,14.656,0.002,16.953,0.006,13.228,0.003,,2MASS J04410424+2557561
353,J04410470+2451062,,IW Tau A+B,70.269658,24.851676,Gaia,M0.9,,,,,,,15.88,0.01,1,,,,,,,11.881,0.006,,,,,,2MASS J04410470+2451062
354,J04410826+2556074,J044108.26+255607.2,ITG 33 A,70.284457,25.935286,Gaia,M3,7.197,0.435,-21.951,0.237,7.101,0.21,,,,,,,,,,17.603,0.01,19.09,0.056,16.22,0.027,red,2MASS J04410826+2556074
355,J04411078+2555116,J044110.78+255511.4,ITG 34,70.294965,25.919786,Gaia,M5.5,4.52,0.503,-20.112,0.294,6.377,0.254,,,,,,,,,,18.138,0.023,20.744,0.076,16.573,0.083,red,2MASS J04411078+2555116
356,J04411267+2546354,J044112.67+254636.2,IRAS 04381+2540,70.30283,25.776506,2MASS,,,,,,,,,,,,,,,,,,,,,,,,2MASS J04411267+2546354
357,J04411681+2840000,,CoKu Tau 4,70.320065,28.666592,Gaia,M1.1,4.136,0.704,-22.419,0.423,5.864,0.246,15.98,0.04,1,-15.93,0.18,-13.94,0.69,-12.12,0.74,13.718,0.001,15.158,0.013,12.392,0.003,cyan,2MASS J04411681+2840000
358,J04412464+2543530,J044124.65+254352.8,ITG 40,70.352685,25.731396,2MASS,M3.5,,,,,,,,,,,,,,,,,,,,,,,2MASS J04412464+2543530
359,J04413882+2556267,,IRAS 04385+2550,70.411804,25.940678,Gaia,M0,2.504,0.772,-15.483,0.389,6.259,0.384,,,,,,,,,,15.936,0.025,17.552,0.104,14.401,0.081,red,2MASS J04413882+2556267
360,J04414489+2301513,J044144.89+230151.3,,70.437108,23.030854,Gaia,M8.5,8.955,0.931,-21.431,0.456,8.304,0.378,,,,,,,,,,18.967,0.007,20.903,0.298,17.32,0.022,red,2MASS J04414489+2301513
361,J04414565+2301580,,,70.440245,23.03269,Gaia,M4.3,8.3,0.189,-21.553,0.103,8.016,0.083,,,,,,,,,,13.827,0.001,15.435,0.01,12.576,0.004,red,2MASS J04414565+2301580
362,J04414825+2534304,J044148.25+253430.4,,70.451073,25.575074,Gaia,M7.75,4.511,0.4,-19.605,0.251,7.344,0.202,,,,,,,,,,18.28,0.012,19.805,0.082,16.817,0.031,red,2MASS J04414825+2534304
363,J04420548+2522562,,LkHa 332/G2 A+B,70.5229,25.382203,Gaia,M0.5,5.493,0.641,-18.99,0.385,8.138,0.391,,,,,,,,,,13.514,0.004,15.194,0.019,12.224,0.012,red,2MASS J04420548+2522562
364,J04420732+2523032,,LkHa 332/G1 A+B,70.530549,25.384147,Gaia,M2.5,,,,,,,,,,,,,,,,13.532,0.003,15.496,0.013,12.137,0.005,,2MASS J04420732+2523032
365,J04420777+2523118,,V955 Tau A+B,70.532465,25.386556,Gaia,K7,-0.74,0.912,-14.148,0.537,6.245,0.485,15.7,,6,,,,,,,13.638,0.029,15.048,0.108,12.277,0.077,red,2MASS J04420777+2523118
366,J04422101+2520343,J044221.02+252034.2,CIDA 7,70.587612,25.342778,Gaia,M4.75,4.891,0.198,-19.424,0.115,7.344,0.123,,,,,,,,,,15.25,0.002,17.365,0.016,13.842,0.005,red,2MASS J04422101+2520343
367,J04423769+2515374,,DP Tau,70.657082,25.260276,Gaia,M0.8,,,,,,,,,,,,,,,,13.51,0.015,14.444,0.048,12.458,0.046,,2MASS J04423769+2515374
368,J04430309+2520187,,GO Tau,70.76284,25.338443,Gaia,M2.3,4.727,0.101,-20.205,0.046,6.917,0.048,21.3,,6,-20.34,0.98,-11.0,0.11,-11.01,0.17,13.842,0.004,15.253,0.016,12.633,0.011,red,2MASS J04430309+2520187
369,J04432023+2940060,,CIDA 14,70.834287,29.668253,Gaia,M5.5,2.607,0.246,-22.062,0.118,5.842,0.124,14.0,0.7,3,-14.05,0.73,-13.16,0.33,-12.26,0.22,14.03,0.001,16.248,0.006,12.644,0.004,cyan,2MASS J04432023+2940060
370,J04440164+1621324,J044401.64+162132.3,,71.006891,16.358908,Gaia,M6,11.169,0.353,-19.144,0.223,6.778,0.219,,,,,,,,,,17.299,0.003,19.795,0.055,15.822,0.011,blue,2MASS J04440164+1621324
371,J04442713+2512164,J044427.14+251216.2,IRAS 04414+2506,71.113123,25.20448,Gaia,M7.25,6.453,0.232,-20.154,0.107,7.091,0.136,,,,,,,,,,15.484,0.005,17.834,0.053,13.999,0.009,red,2MASS J04442713+2512164
372,J04445445+2717454,,HD 283782,71.22694,27.295785,Gaia,K1,4.611,0.383,-23.733,0.257,5.954,0.231,18.74,0.04,1,-18.26,0.12,-15.0,0.68,-12.77,0.5,9.358,0.001,9.889,0.003,8.68,0.002,cyan,2MASS J04445445+2717454
373,J04451654+3141202,,PSO J071.3189+31.6888,71.318923,31.688872,Gaia,M5.5,5.096,0.283,-24.491,0.148,6.407,0.158,,,,,,,,,,17.395,0.001,19.917,0.056,15.91,0.004,cyan,2MASS J04451654+3141202
374,J04455129+1555496,,HD 30171,71.463782,15.930384,Gaia,G5,10.612,0.287,-16.187,0.152,5.407,0.111,21.13,0.17,1,,,,,,,9.188,0.002,9.621,0.009,8.621,0.007,blue,2MASS J04455129+1555496
375,J04455134+1555367,,IRAS 04429+1550,71.464017,15.926773,Gaia,M2.5,11.714,0.147,-17.958,0.07,6.757,0.057,,,,,,,,,,13.364,0.025,14.589,0.101,12.243,0.068,blue,2MASS J04455134+1555367
376,J04462480+1701415,,PSO J071.6033+17.0281,71.603379,17.028101,Gaia,M7,3.584,0.975,-13.705,0.49,6.146,0.476,,,,,,,,,,18.942,0.003,20.948,0.208,17.231,0.013,green,2MASS J04462480+1701415
377,J04464260+2459034,J044642.62+245903.3,RX J04467+2459,71.677607,24.984167,Gaia,M5.5,4.599,0.521,-19.522,0.216,6.483,0.284,,,,,,,,,,14.915,0.001,17.158,0.007,13.512,0.003,red,2MASS J04464260+2459034
378,J04465305+1700001,,DQ Tau,71.721095,16.999981,Gaia,M0.6,4.74,0.129,-13.254,0.056,5.065,0.052,22.4,0.6,12,-19.62,0.61,-13.37,0.14,-10.57,0.07,12.486,0.003,13.716,0.012,11.366,0.007,green,2MASS J04465305+1700001
379,J04465897+1702381,,Haro 6-37 A,71.745738,17.043801,Gaia,K8,6.184,0.306,-12.699,0.158,5.863,0.187,22.45,0.05,1,,,,,,,12.659,0.016,13.789,0.057,11.496,0.047,green,2MASS J04465897+1702381
380,J04465897+1702381,J044659.12+170240.8,Haro 6-37 B,71.746223,17.044372,Gaia,M0.9,4.757,0.142,-13.881,0.063,5.028,0.066,21.74,0.08,1,-18.87,0.12,-13.91,0.18,-10.71,0.12,13.665,0.007,14.923,0.032,12.44,0.008,green,2MASS J04465897+1702381
381,J04470620+1658428,,DR Tau,71.77592,16.9785,Gaia,K6,5.106,0.145,-13.924,0.066,5.111,0.065,21.1,0.04,1,-18.33,0.08,-13.92,0.17,-10.22,0.13,11.649,0.015,12.345,0.054,10.712,0.038,green,2MASS J04470620+1658428
382,J04474859+2925112,,DS Tau,71.952506,29.41967,Gaia,M0.4,5.043,0.076,-24.334,0.04,6.287,0.044,16.3,2.3,6,-16.64,2.25,-14.53,0.31,-11.34,0.34,12.131,0.018,12.899,0.068,11.146,0.045,cyan,2MASS J04474859+2925112
383,J04480632+1551251,J044806.33+155125.0,,72.026424,15.856904,Gaia,M4.5,12.329,0.396,-19.894,0.237,6.544,0.235,,,,,,,,,,18.116,0.004,20.739,0.149,16.578,0.009,blue,2MASS J04480632+1551251
384,J04481348+2924537,,,72.056242,29.414822,Gaia,M1.75,5.336,0.111,-24.669,0.062,6.407,0.066,,,,,,,,,,14.913,0.029,16.506,0.082,13.684,0.085,cyan,2MASS J04481348+2924537
385,J04482274+2946227,,HD 30378,72.094793,29.772896,Gaia,B9.5,5.795,0.106,-25.278,0.056,6.199,0.064,,,,,,,,,,7.382,0.001,7.421,0.001,7.347,0.001,cyan,2MASS J04482274+2946227
386,J04484189+1703374,J044841.89+170337.3,,72.174575,17.060288,Gaia,M7,4.927,0.358,-14.024,0.215,4.723,0.236,,,,,,,,,,17.704,0.001,20.459,0.058,16.165,0.011,green,2MASS J04484189+1703374
387,J04485745+2913521,J044857.45+291351.8,,72.239413,29.231019,Gaia,M6,4.101,0.183,-24.286,0.098,6.189,0.104,,,,,,,,,,15.658,0.001,18.018,0.01,14.233,0.004,cyan,2MASS J04485745+2913521
388,J04485789+2913548,J044857.89+291354.5,,72.241258,29.231769,Gaia,M:,12.506,0.692,-26.427,0.338,4.977,0.366,,,,,,,,,,17.222,0.011,18.033,0.048,16.08,0.039,cyan,2MASS J04485789+2913548
389,J04492210+2911124,J044922.10+291112.0,,72.342136,29.186634,Gaia,M8.5,5.25,0.84,-24.87,0.496,6.091,0.5,,,,,,,,,,19.595,0.003,21.936,0.183,17.997,0.021,cyan,2MASS J04492210+2911124
390,J04504003+1619460,J045040.03+161945.9,,72.666908,16.329373,Gaia,M4.75,11.486,0.201,-18.947,0.098,7.036,0.102,,,,,,,,,,15.156,0.007,16.99,0.024,13.851,0.022,blue,2MASS J04504003+1619460
391,J04514737+3047134,,UY Aur A+B,72.94748,30.786986,Gaia,K7,4.379,0.119,-25.972,0.057,6.426,0.059,13.92,0.07,1,-14.67,0.09,-15.02,0.16,-11.42,0.12,11.693,0.007,12.621,0.036,10.68,0.02,cyan,2MASS J04514737+3047134
392,J04520668+3047175,J045206.68+304717.2,IRAS 04489+3042,73.027858,30.78806,Gaia,M4,,,,,,,,,,,,,,,,20.256,0.011,21.615,0.152,17.827,0.026,,2MASS J04520668+3047175
393,J04520970+3037454,J045209.70+303745.1,Haro 6-39,73.040449,30.629176,Gaia,,8.075,0.719,-24.622,0.426,8.641,0.457,,,,,,,,,,16.53,0.018,16.96,0.028,15.459,0.068,cyan,2MASS J04520970+3037454
394,,J045210.35+303734.2,,73.043139,30.626194,UKIDSS,M9.5,,,,,,,,,,,,,,,,,,,,,,,
395,J04551098+3021595,,GM Aur,73.795775,30.366388,Gaia,K6,3.899,0.148,-24.451,0.072,6.264,0.083,15.15,0.04,1,-15.7,0.06,-14.46,0.22,-11.19,0.17,11.7,0.004,12.422,0.019,10.803,0.013,cyan,2MASS J04551098+3021595
396,J04552333+3027366,J045523.33+302736.4,,73.847234,30.460042,Gaia,M6.25,4.994,0.31,-24.996,0.164,6.05,0.189,,,,,,,,,,17.184,0.001,19.879,0.051,15.678,0.007,cyan,2MASS J04552333+3027366
397,J04553695+3017553,,LkCa 19,73.904062,30.298535,Gaia,K2,4.307,0.154,-24.132,0.076,6.263,0.079,13.578,0.013,1,-14.19,0.04,-14.69,0.21,-10.55,0.16,10.333,0.001,10.903,0.003,9.644,0.002,cyan,2MASS J04553695+3017553
398,J04554046+3039057,J045540.46+303905.4,,73.918617,30.651456,Gaia,M5.25,4.091,0.213,-24.113,0.128,6.359,0.121,,,,,,,,,,16.346,0.001,18.564,0.019,14.951,0.005,cyan,2MASS J04554046+3039057
399,J04554535+3019389,J045545.35+301938.6,,73.938987,30.327354,Gaia,M4.75,3.617,0.161,-25.053,0.093,6.462,0.097,,,,,,,,,,14.741,0.001,16.611,0.011,13.426,0.002,cyan,2MASS J04554535+3019389
400,J04554582+3033043,,AB Aur,73.941045,30.551089,Gaia,A0,3.926,0.097,-24.112,0.068,6.14,0.057,8.9,0.9,2,-9.64,0.89,-15.39,0.19,-10.26,0.09,7.079,0.001,7.173,0.005,6.894,0.003,cyan,2MASS J04554582+3033043
401,J04554757+3028077,,,73.948257,30.468664,Gaia,M4.75,3.477,0.223,-23.996,0.13,6.38,0.152,,,,,,,,,,14.577,0.002,16.59,0.01,13.224,0.007,cyan,2MASS J04554757+3028077
402,J04554801+3028050,J045548.02+302804.7,,73.950115,30.467908,Gaia,M5.6,4.602,0.254,-23.697,0.149,6.067,0.175,,,,,,,,,,17.172,0.003,19.537,0.04,15.69,0.008,cyan,2MASS J04554801+3028050
403,J04554820+3030160,J045548.20+303015.7,XEST 26-052,73.950865,30.504321,Gaia,M4.5,3.846,0.156,-24.428,0.087,6.199,0.093,,,,,,,,,,15.216,0.001,17.091,0.009,13.903,0.003,cyan,2MASS J04554820+3030160
404,J04554822+3020165,,HD 31305,73.950996,30.337807,Gaia,A0,4.352,0.201,-23.441,0.117,5.593,0.126,,,,,,,,,,7.585,0.001,7.661,0.001,7.466,0.003,cyan,2MASS J04554822+3020165
405,J04554969+3019400,J045549.70+301939.8,,73.95711,30.327676,Gaia,M6,4.829,0.342,-23.024,0.21,6.389,0.189,,,,,,,,,,16.627,0.002,18.979,0.033,15.171,0.005,cyan,2MASS J04554969+3019400
406,J04555605+3036209,,XEST 26-062,73.983609,30.60568,Gaia,M4,,,,,,,14.4,1.1,11,,,,,,,13.904,0.004,15.718,0.016,12.563,0.01,,2MASS J04555605+3036209
407,J04555636+3049374,J045556.36+304937.2,,73.984885,30.826953,Gaia,M5,5.49,0.153,-25.547,0.089,6.475,0.095,,,,,,,,,,15.509,0.001,17.639,0.01,14.142,0.003,cyan,2MASS J04555636+3049374
408,J04555938+3034015,,SU Aur,73.997465,30.566979,Gaia,G2,4.647,0.091,-24.319,0.054,6.314,0.059,14.26,0.05,1,-14.99,0.06,-14.69,0.15,-10.41,0.1,9.429,0.016,10.228,0.092,8.802,0.073,cyan,2MASS J04555938+3034015
409,J04560118+3026348,J045601.19+302634.5,XEST 26-071,74.004974,30.442859,Gaia,M3.5,4.469,0.65,-21.341,0.391,6.303,0.369,,,,,,,,,,14.65,0.013,16.347,0.059,13.38,0.039,cyan,2MASS J04560118+3026348
410,J04560201+3021037,,HBC 427,74.00847,30.350916,Gaia,K6,5.646,0.194,-21.744,0.121,6.729,0.124,18.0,1.29,13,-18.65,1.29,-12.24,0.31,-8.77,0.12,11.086,0.003,11.925,0.009,10.245,0.007,cyan,2MASS J04560201+3021037
411,J04564798+2913113,,PSO J074.1999+29.2197,74.199947,29.219729,Gaia,M6,5.912,0.197,-24.474,0.133,6.307,0.175,,,,,,,,,,16.019,0.001,18.467,0.018,14.574,0.003,cyan,2MASS J04564798+2913113
412,J04565141+2939310,J045651.41+293930.9,,74.214245,29.658556,Gaia,M7,5.456,0.335,-24.725,0.195,6.769,0.189,,,,,,,,,,17.735,0.001,20.146,0.112,16.242,0.005,cyan,2MASS J04565141+2939310
413,J04574903+3015195,J045749.02+301519.1,,74.454247,30.255317,Gaia,M9.25,,,,,,,,,,,,,,,,20.903,0.019,22.284,0.305,19.212,0.036,,2MASS J04574903+3015195
414,J04584626+2950370,,MWC 480,74.692796,29.843499,Gaia,A2,4.793,0.133,-25.348,0.073,6.181,0.076,,,,,,,,,,7.651,0.001,7.765,0.002,7.476,0.003,cyan,2MASS J04584626+2950370
415,J04585141+2831241,,BS Tau A,74.714207,28.523225,Gaia,M2,5.303,0.085,-28.918,0.044,6.866,0.043,,,,,,,,,,13.339,0.011,14.309,0.047,12.267,0.029,cyan,2MASS J04585141+2831241
416,,,BS Tau B,74.714589,28.523337,Gaia,M5.5,5.638,0.802,-30.258,0.442,7.125,0.246,,,,,,,,,,16.381,0.005,,,,,cyan,
417,J04590305+3003004,,,74.76271,30.049987,Gaia,M2,4.59,0.067,-24.734,0.04,6.388,0.041,,,,,,,,,,13.447,0.009,14.659,0.032,12.324,0.025,cyan,2MASS J04590305+3003004
418,,,GZ Aur B,75.012883,30.019,Gaia,,5.353,0.115,-23.818,0.068,6.261,0.07,,,,,,,,,,15.519,0.026,,,,,cyan,
419,J05000310+3001074,,GZ Aur A,75.013008,30.018347,Gaia,M1.5,4.824,0.108,-26.467,0.065,5.991,0.064,,,,,,,,,,14.666,0.027,15.368,0.083,13.416,0.056,cyan,2MASS J05000310+3001074
420,J05023483+2745499,J050234.83+274549.6,,75.645156,27.763746,Gaia,M4.25,4.269,0.133,-24.571,0.077,6.218,0.08,,,,,,,,,,15.051,0.003,16.696,0.016,13.781,0.007,cyan,2MASS J05023483+2745499
421,J05023985+2459337,J050239.86+245933.5,,75.666107,24.992599,Gaia,M4.25,4.662,0.144,-26.481,0.081,6.326,0.084,,,,,,,,,,14.911,0.002,16.547,0.014,13.665,0.004,cyan,2MASS J05023985+2459337
422,J05030659+2523197,,V836 Tau,75.777509,25.388705,Gaia,M0.8,3.0,0.072,-17.178,0.045,5.897,0.043,18.15,0.03,1,-17.31,0.04,-11.84,0.09,-9.27,0.08,12.644,0.008,13.703,0.024,11.589,0.019,cyan,2MASS J05030659+2523197
423,J05044139+2509544,,CIDA 8,76.1725,25.165089,Gaia,M3.7,2.161,0.135,-16.9,0.084,5.856,0.082,,,,,,,,,,14.419,0.009,16.009,0.033,13.133,0.028,cyan,2MASS J05044139+2509544
424,J05044950+2510187,J050449.51+251018.5,,76.206268,25.171886,2MASS,L0,,,,,,,,,,,,,,,,,,,,,,,2MASS J05044950+2510187
425,J05045988+3145014,,PSO J076.2495+31.7503,76.249577,31.750294,Gaia,M5.5,5.657,0.264,-24.04,0.181,5.965,0.166,,,,,,,,,,17.329,0.001,19.749,0.045,15.903,0.003,cyan,2MASS J05045988+3145014
426,J05052286+2531312,J050522.84+253131.1,CIDA 9 A,76.345092,25.525151,Gaia,M1.8,2.43,0.194,-18.563,0.108,5.819,0.089,,,,,,,,,,15.251,0.027,16.418,0.072,14.088,0.086,cyan,2MASS J05052286+2531312
427,,,CIDA 9 B,76.345713,25.525482,Gaia,M4.6,2.418,0.457,-18.521,0.259,5.593,0.21,,,,,,,,,,17.764,0.012,19.199,0.203,16.246,0.043,cyan,
428,J05061674+2446102,,CIDA 10,76.569814,24.769413,Gaia,M4.2,2.718,0.376,-17.464,0.253,5.218,0.227,,,,,,,,,,13.979,0.002,15.662,0.01,12.708,0.006,cyan,2MASS J05061674+2446102
429,J05062332+2432199,,CIDA 11,76.597252,24.538794,Gaia,M4.2,7.01,0.655,-17.103,0.467,6.618,0.418,,,,,,,,,,13.499,0.001,15.048,0.008,12.265,0.004,cyan,2MASS J05062332+2432199
430,J05071206+2437163,,RX J0507.2+2437,76.8003,24.62114,Gaia,K6,3.473,0.07,-17.074,0.044,5.768,0.041,,,,,,,,,,12.352,0.005,13.202,0.017,11.444,0.013,cyan,2MASS J05071206+2437163
431,J05073903+2311068,J050739.03+231106.5,,76.912679,23.185113,Gaia,M4.5,3.207,0.145,-18.07,0.093,6.051,0.083,,,,,,,,,,15.461,0.002,17.285,0.017,14.153,0.007,cyan,2MASS J05073903+2311068
432,,,RW Aur B,76.956081,30.401208,Gaia,K6,2.747,0.125,-27.558,0.075,6.116,0.067,,,,,,,,,,12.205,0.009,12.93,0.036,11.106,0.03,cyan,
433,J05074953+3024050,,RW Aur A,76.956543,30.401319,Gaia,K2,4.238,1.153,-24.996,1.041,6.583,0.902,15.0,0.03,1,-15.63,0.18,-14.8,2.44,-9.75,1.68,13.318,0.065,12.802,0.043,11.395,0.125,cyan,2MASS J05074953+3024050
434,J05075496+2500156,J050754.96+250015.4,CIDA 12,76.97904,25.004258,Gaia,M3.7,3.512,0.171,-17.566,0.1,6.065,0.088,,,,,,,,,,14.445,0.003,15.926,0.022,13.226,0.006,cyan,2MASS J05075496+2500156
435,J05080709+2427123,J050807.09+242712.2,,77.029593,24.453346,Gaia,M3.5,2.072,0.124,-17.367,0.078,5.589,0.075,,,,,,,,,,14.397,0.001,15.979,0.007,13.166,0.002,cyan,2MASS J05080709+2427123
436,J05080816+2427150,,,77.034035,24.454043,Gaia,K5,,,,,,,,,,,,,,,,12.69,0.003,13.805,0.014,11.438,0.007,,2MASS J05080816+2427150
437,,,J05080816+2427150 B,77.034154,24.454281,Gaia,,-1.889,0.628,-17.559,0.423,5.745,0.154,,,,,,,,,,14.636,0.003,,,,,cyan,
438,J05122759+2253492,,,78.114949,22.896918,Gaia,M2.5,4.203,0.812,-19.488,0.514,3.668,0.413,,,,,,,,,,13.15,0.01,14.223,0.01,11.85,0.01,cyan,2MASS J05122759+2253492